trip_id,arrival_time,departure_time,stop_id,stop_sequence
T00001,06:00:00,06:00:18,Trunk_Buiucani_to_CBD_1,1
T00001,06:01:07,06:01:25,Trunk_Buiucani_to_CBD_2,2
T00001,06:02:31,06:02:49,Trunk_Buiucani_to_CBD_3,3
T00001,06:03:54,06:04:12,Trunk_Buiucani_to_CBD_4,4
T00001,06:05:17,06:05:35,Trunk_Buiucani_to_CBD_5,5
T00001,06:06:36,06:06:54,Trunk_Buiucani_to_CBD_6,6
T00001,06:07:51,06:08:09,Trunk_Buiucani_to_CBD_7,7
T00001,06:09:14,06:09:32,Trunk_Buiucani_to_CBD_8,8
T00001,06:10:37,06:10:55,Trunk_Buiucani_to_CBD_9,9
T00001,06:11:59,06:12:17,Trunk_Buiucani_to_CBD_10,10
T00001,06:13:22,06:13:40,Trunk_Buiucani_to_CBD_11,11
T00001,06:14:29,06:14:47,Trunk_Buiucani_to_CBD_12,12
T00001,06:15:52,06:16:10,Trunk_Buiucani_to_CBD_13,13
T00001,06:17:02,06:17:20,Trunk_Buiucani_to_CBD_14,14
T00001,06:18:18,06:18:36,Trunk_Buiucani_to_CBD_15,15
T00002,06:10:00,06:10:18,Trunk_Buiucani_to_CBD_1,1
T00002,06:11:07,06:11:25,Trunk_Buiucani_to_CBD_2,2
T00002,06:12:31,06:12:49,Trunk_Buiucani_to_CBD_3,3
T00002,06:13:54,06:14:12,Trunk_Buiucani_to_CBD_4,4
T00002,06:15:17,06:15:35,Trunk_Buiucani_to_CBD_5,5
T00002,06:16:36,06:16:54,Trunk_Buiucani_to_CBD_6,6
T00002,06:17:51,06:18:09,Trunk_Buiucani_to_CBD_7,7
T00002,06:19:14,06:19:32,Trunk_Buiucani_to_CBD_8,8
T00002,06:20:37,06:20:55,Trunk_Buiucani_to_CBD_9,9
T00002,06:21:59,06:22:17,Trunk_Buiucani_to_CBD_10,10
T00002,06:23:22,06:23:40,Trunk_Buiucani_to_CBD_11,11
T00002,06:24:29,06:24:47,Trunk_Buiucani_to_CBD_12,12
T00002,06:25:52,06:26:10,Trunk_Buiucani_to_CBD_13,13
T00002,06:27:02,06:27:20,Trunk_Buiucani_to_CBD_14,14
T00002,06:28:18,06:28:36,Trunk_Buiucani_to_CBD_15,15
T00003,06:20:00,06:20:18,Trunk_Buiucani_to_CBD_1,1
T00003,06:21:07,06:21:25,Trunk_Buiucani_to_CBD_2,2
T00003,06:22:31,06:22:49,Trunk_Buiucani_to_CBD_3,3
T00003,06:23:54,06:24:12,Trunk_Buiucani_to_CBD_4,4
T00003,06:25:17,06:25:35,Trunk_Buiucani_to_CBD_5,5
T00003,06:26:36,06:26:54,Trunk_Buiucani_to_CBD_6,6
T00003,06:27:51,06:28:09,Trunk_Buiucani_to_CBD_7,7
T00003,06:29:14,06:29:32,Trunk_Buiucani_to_CBD_8,8
T00003,06:30:37,06:30:55,Trunk_Buiucani_to_CBD_9,9
T00003,06:31:59,06:32:17,Trunk_Buiucani_to_CBD_10,10
T00003,06:33:22,06:33:40,Trunk_Buiucani_to_CBD_11,11
T00003,06:34:29,06:34:47,Trunk_Buiucani_to_CBD_12,12
T00003,06:35:52,06:36:10,Trunk_Buiucani_to_CBD_13,13
T00003,06:37:02,06:37:20,Trunk_Buiucani_to_CBD_14,14
T00003,06:38:18,06:38:36,Trunk_Buiucani_to_CBD_15,15
T00004,06:30:00,06:30:18,Trunk_Buiucani_to_CBD_1,1
T00004,06:31:07,06:31:25,Trunk_Buiucani_to_CBD_2,2
T00004,06:32:31,06:32:49,Trunk_Buiucani_to_CBD_3,3
T00004,06:33:54,06:34:12,Trunk_Buiucani_to_CBD_4,4
T00004,06:35:17,06:35:35,Trunk_Buiucani_to_CBD_5,5
T00004,06:36:36,06:36:54,Trunk_Buiucani_to_CBD_6,6
T00004,06:37:51,06:38:09,Trunk_Buiucani_to_CBD_7,7
T00004,06:39:14,06:39:32,Trunk_Buiucani_to_CBD_8,8
T00004,06:40:37,06:40:55,Trunk_Buiucani_to_CBD_9,9
T00004,06:41:59,06:42:17,Trunk_Buiucani_to_CBD_10,10
T00004,06:43:22,06:43:40,Trunk_Buiucani_to_CBD_11,11
T00004,06:44:29,06:44:47,Trunk_Buiucani_to_CBD_12,12
T00004,06:45:52,06:46:10,Trunk_Buiucani_to_CBD_13,13
T00004,06:47:02,06:47:20,Trunk_Buiucani_to_CBD_14,14
T00004,06:48:18,06:48:36,Trunk_Buiucani_to_CBD_15,15
T00005,06:40:00,06:40:18,Trunk_Buiucani_to_CBD_1,1
T00005,06:41:07,06:41:25,Trunk_Buiucani_to_CBD_2,2
T00005,06:42:31,06:42:49,Trunk_Buiucani_to_CBD_3,3
T00005,06:43:54,06:44:12,Trunk_Buiucani_to_CBD_4,4
T00005,06:45:17,06:45:35,Trunk_Buiucani_to_CBD_5,5
T00005,06:46:36,06:46:54,Trunk_Buiucani_to_CBD_6,6
T00005,06:47:51,06:48:09,Trunk_Buiucani_to_CBD_7,7
T00005,06:49:14,06:49:32,Trunk_Buiucani_to_CBD_8,8
T00005,06:50:37,06:50:55,Trunk_Buiucani_to_CBD_9,9
T00005,06:51:59,06:52:17,Trunk_Buiucani_to_CBD_10,10
T00005,06:53:22,06:53:40,Trunk_Buiucani_to_CBD_11,11
T00005,06:54:29,06:54:47,Trunk_Buiucani_to_CBD_12,12
T00005,06:55:52,06:56:10,Trunk_Buiucani_to_CBD_13,13
T00005,06:57:02,06:57:20,Trunk_Buiucani_to_CBD_14,14
T00005,06:58:18,06:58:36,Trunk_Buiucani_to_CBD_15,15
T00006,06:50:00,06:50:18,Trunk_Buiucani_to_CBD_1,1
T00006,06:51:07,06:51:25,Trunk_Buiucani_to_CBD_2,2
T00006,06:52:31,06:52:49,Trunk_Buiucani_to_CBD_3,3
T00006,06:53:54,06:54:12,Trunk_Buiucani_to_CBD_4,4
T00006,06:55:17,06:55:35,Trunk_Buiucani_to_CBD_5,5
T00006,06:56:36,06:56:54,Trunk_Buiucani_to_CBD_6,6
T00006,06:57:51,06:58:09,Trunk_Buiucani_to_CBD_7,7
T00006,06:59:14,06:59:32,Trunk_Buiucani_to_CBD_8,8
T00006,07:00:37,07:00:55,Trunk_Buiucani_to_CBD_9,9
T00006,07:01:59,07:02:17,Trunk_Buiucani_to_CBD_10,10
T00006,07:03:22,07:03:40,Trunk_Buiucani_to_CBD_11,11
T00006,07:04:29,07:04:47,Trunk_Buiucani_to_CBD_12,12
T00006,07:05:52,07:06:10,Trunk_Buiucani_to_CBD_13,13
T00006,07:07:02,07:07:20,Trunk_Buiucani_to_CBD_14,14
T00006,07:08:18,07:08:36,Trunk_Buiucani_to_CBD_15,15
T00007,07:00:00,07:00:18,Trunk_Buiucani_to_CBD_1,1
T00007,07:01:07,07:01:25,Trunk_Buiucani_to_CBD_2,2
T00007,07:02:31,07:02:49,Trunk_Buiucani_to_CBD_3,3
T00007,07:03:54,07:04:12,Trunk_Buiucani_to_CBD_4,4
T00007,07:05:17,07:05:35,Trunk_Buiucani_to_CBD_5,5
T00007,07:06:36,07:06:54,Trunk_Buiucani_to_CBD_6,6
T00007,07:07:51,07:08:09,Trunk_Buiucani_to_CBD_7,7
T00007,07:09:14,07:09:32,Trunk_Buiucani_to_CBD_8,8
T00007,07:10:37,07:10:55,Trunk_Buiucani_to_CBD_9,9
T00007,07:11:59,07:12:17,Trunk_Buiucani_to_CBD_10,10
T00007,07:13:22,07:13:40,Trunk_Buiucani_to_CBD_11,11
T00007,07:14:29,07:14:47,Trunk_Buiucani_to_CBD_12,12
T00007,07:15:52,07:16:10,Trunk_Buiucani_to_CBD_13,13
T00007,07:17:02,07:17:20,Trunk_Buiucani_to_CBD_14,14
T00007,07:18:18,07:18:36,Trunk_Buiucani_to_CBD_15,15
T00008,07:06:00,07:06:18,Trunk_Buiucani_to_CBD_1,1
T00008,07:07:07,07:07:25,Trunk_Buiucani_to_CBD_2,2
T00008,07:08:31,07:08:49,Trunk_Buiucani_to_CBD_3,3
T00008,07:09:54,07:10:12,Trunk_Buiucani_to_CBD_4,4
T00008,07:11:17,07:11:35,Trunk_Buiucani_to_CBD_5,5
T00008,07:12:36,07:12:54,Trunk_Buiucani_to_CBD_6,6
T00008,07:13:51,07:14:09,Trunk_Buiucani_to_CBD_7,7
T00008,07:15:14,07:15:32,Trunk_Buiucani_to_CBD_8,8
T00008,07:16:37,07:16:55,Trunk_Buiucani_to_CBD_9,9
T00008,07:17:59,07:18:17,Trunk_Buiucani_to_CBD_10,10
T00008,07:19:22,07:19:40,Trunk_Buiucani_to_CBD_11,11
T00008,07:20:29,07:20:47,Trunk_Buiucani_to_CBD_12,12
T00008,07:21:52,07:22:10,Trunk_Buiucani_to_CBD_13,13
T00008,07:23:02,07:23:20,Trunk_Buiucani_to_CBD_14,14
T00008,07:24:18,07:24:36,Trunk_Buiucani_to_CBD_15,15
T00009,07:12:00,07:12:18,Trunk_Buiucani_to_CBD_1,1
T00009,07:13:07,07:13:25,Trunk_Buiucani_to_CBD_2,2
T00009,07:14:31,07:14:49,Trunk_Buiucani_to_CBD_3,3
T00009,07:15:54,07:16:12,Trunk_Buiucani_to_CBD_4,4
T00009,07:17:17,07:17:35,Trunk_Buiucani_to_CBD_5,5
T00009,07:18:36,07:18:54,Trunk_Buiucani_to_CBD_6,6
T00009,07:19:51,07:20:09,Trunk_Buiucani_to_CBD_7,7
T00009,07:21:14,07:21:32,Trunk_Buiucani_to_CBD_8,8
T00009,07:22:37,07:22:55,Trunk_Buiucani_to_CBD_9,9
T00009,07:23:59,07:24:17,Trunk_Buiucani_to_CBD_10,10
T00009,07:25:22,07:25:40,Trunk_Buiucani_to_CBD_11,11
T00009,07:26:29,07:26:47,Trunk_Buiucani_to_CBD_12,12
T00009,07:27:52,07:28:10,Trunk_Buiucani_to_CBD_13,13
T00009,07:29:02,07:29:20,Trunk_Buiucani_to_CBD_14,14
T00009,07:30:18,07:30:36,Trunk_Buiucani_to_CBD_15,15
T00010,07:18:00,07:18:18,Trunk_Buiucani_to_CBD_1,1
T00010,07:19:07,07:19:25,Trunk_Buiucani_to_CBD_2,2
T00010,07:20:31,07:20:49,Trunk_Buiucani_to_CBD_3,3
T00010,07:21:54,07:22:12,Trunk_Buiucani_to_CBD_4,4
T00010,07:23:17,07:23:35,Trunk_Buiucani_to_CBD_5,5
T00010,07:24:36,07:24:54,Trunk_Buiucani_to_CBD_6,6
T00010,07:25:51,07:26:09,Trunk_Buiucani_to_CBD_7,7
T00010,07:27:14,07:27:32,Trunk_Buiucani_to_CBD_8,8
T00010,07:28:37,07:28:55,Trunk_Buiucani_to_CBD_9,9
T00010,07:29:59,07:30:17,Trunk_Buiucani_to_CBD_10,10
T00010,07:31:22,07:31:40,Trunk_Buiucani_to_CBD_11,11
T00010,07:32:29,07:32:47,Trunk_Buiucani_to_CBD_12,12
T00010,07:33:52,07:34:10,Trunk_Buiucani_to_CBD_13,13
T00010,07:35:02,07:35:20,Trunk_Buiucani_to_CBD_14,14
T00010,07:36:18,07:36:36,Trunk_Buiucani_to_CBD_15,15
T00011,07:24:00,07:24:18,Trunk_Buiucani_to_CBD_1,1
T00011,07:25:07,07:25:25,Trunk_Buiucani_to_CBD_2,2
T00011,07:26:31,07:26:49,Trunk_Buiucani_to_CBD_3,3
T00011,07:27:54,07:28:12,Trunk_Buiucani_to_CBD_4,4
T00011,07:29:17,07:29:35,Trunk_Buiucani_to_CBD_5,5
T00011,07:30:36,07:30:54,Trunk_Buiucani_to_CBD_6,6
T00011,07:31:51,07:32:09,Trunk_Buiucani_to_CBD_7,7
T00011,07:33:14,07:33:32,Trunk_Buiucani_to_CBD_8,8
T00011,07:34:37,07:34:55,Trunk_Buiucani_to_CBD_9,9
T00011,07:35:59,07:36:17,Trunk_Buiucani_to_CBD_10,10
T00011,07:37:22,07:37:40,Trunk_Buiucani_to_CBD_11,11
T00011,07:38:29,07:38:47,Trunk_Buiucani_to_CBD_12,12
T00011,07:39:52,07:40:10,Trunk_Buiucani_to_CBD_13,13
T00011,07:41:02,07:41:20,Trunk_Buiucani_to_CBD_14,14
T00011,07:42:18,07:42:36,Trunk_Buiucani_to_CBD_15,15
T00012,07:30:00,07:30:18,Trunk_Buiucani_to_CBD_1,1
T00012,07:31:07,07:31:25,Trunk_Buiucani_to_CBD_2,2
T00012,07:32:31,07:32:49,Trunk_Buiucani_to_CBD_3,3
T00012,07:33:54,07:34:12,Trunk_Buiucani_to_CBD_4,4
T00012,07:35:17,07:35:35,Trunk_Buiucani_to_CBD_5,5
T00012,07:36:36,07:36:54,Trunk_Buiucani_to_CBD_6,6
T00012,07:37:51,07:38:09,Trunk_Buiucani_to_CBD_7,7
T00012,07:39:14,07:39:32,Trunk_Buiucani_to_CBD_8,8
T00012,07:40:37,07:40:55,Trunk_Buiucani_to_CBD_9,9
T00012,07:41:59,07:42:17,Trunk_Buiucani_to_CBD_10,10
T00012,07:43:22,07:43:40,Trunk_Buiucani_to_CBD_11,11
T00012,07:44:29,07:44:47,Trunk_Buiucani_to_CBD_12,12
T00012,07:45:52,07:46:10,Trunk_Buiucani_to_CBD_13,13
T00012,07:47:02,07:47:20,Trunk_Buiucani_to_CBD_14,14
T00012,07:48:18,07:48:36,Trunk_Buiucani_to_CBD_15,15
T00013,07:36:00,07:36:18,Trunk_Buiucani_to_CBD_1,1
T00013,07:37:07,07:37:25,Trunk_Buiucani_to_CBD_2,2
T00013,07:38:31,07:38:49,Trunk_Buiucani_to_CBD_3,3
T00013,07:39:54,07:40:12,Trunk_Buiucani_to_CBD_4,4
T00013,07:41:17,07:41:35,Trunk_Buiucani_to_CBD_5,5
T00013,07:42:36,07:42:54,Trunk_Buiucani_to_CBD_6,6
T00013,07:43:51,07:44:09,Trunk_Buiucani_to_CBD_7,7
T00013,07:45:14,07:45:32,Trunk_Buiucani_to_CBD_8,8
T00013,07:46:37,07:46:55,Trunk_Buiucani_to_CBD_9,9
T00013,07:47:59,07:48:17,Trunk_Buiucani_to_CBD_10,10
T00013,07:49:22,07:49:40,Trunk_Buiucani_to_CBD_11,11
T00013,07:50:29,07:50:47,Trunk_Buiucani_to_CBD_12,12
T00013,07:51:52,07:52:10,Trunk_Buiucani_to_CBD_13,13
T00013,07:53:02,07:53:20,Trunk_Buiucani_to_CBD_14,14
T00013,07:54:18,07:54:36,Trunk_Buiucani_to_CBD_15,15
T00014,07:42:00,07:42:18,Trunk_Buiucani_to_CBD_1,1
T00014,07:43:07,07:43:25,Trunk_Buiucani_to_CBD_2,2
T00014,07:44:31,07:44:49,Trunk_Buiucani_to_CBD_3,3
T00014,07:45:54,07:46:12,Trunk_Buiucani_to_CBD_4,4
T00014,07:47:17,07:47:35,Trunk_Buiucani_to_CBD_5,5
T00014,07:48:36,07:48:54,Trunk_Buiucani_to_CBD_6,6
T00014,07:49:51,07:50:09,Trunk_Buiucani_to_CBD_7,7
T00014,07:51:14,07:51:32,Trunk_Buiucani_to_CBD_8,8
T00014,07:52:37,07:52:55,Trunk_Buiucani_to_CBD_9,9
T00014,07:53:59,07:54:17,Trunk_Buiucani_to_CBD_10,10
T00014,07:55:22,07:55:40,Trunk_Buiucani_to_CBD_11,11
T00014,07:56:29,07:56:47,Trunk_Buiucani_to_CBD_12,12
T00014,07:57:52,07:58:10,Trunk_Buiucani_to_CBD_13,13
T00014,07:59:02,07:59:20,Trunk_Buiucani_to_CBD_14,14
T00014,08:00:18,08:00:36,Trunk_Buiucani_to_CBD_15,15
T00015,07:48:00,07:48:18,Trunk_Buiucani_to_CBD_1,1
T00015,07:49:07,07:49:25,Trunk_Buiucani_to_CBD_2,2
T00015,07:50:31,07:50:49,Trunk_Buiucani_to_CBD_3,3
T00015,07:51:54,07:52:12,Trunk_Buiucani_to_CBD_4,4
T00015,07:53:17,07:53:35,Trunk_Buiucani_to_CBD_5,5
T00015,07:54:36,07:54:54,Trunk_Buiucani_to_CBD_6,6
T00015,07:55:51,07:56:09,Trunk_Buiucani_to_CBD_7,7
T00015,07:57:14,07:57:32,Trunk_Buiucani_to_CBD_8,8
T00015,07:58:37,07:58:55,Trunk_Buiucani_to_CBD_9,9
T00015,07:59:59,08:00:17,Trunk_Buiucani_to_CBD_10,10
T00015,08:01:22,08:01:40,Trunk_Buiucani_to_CBD_11,11
T00015,08:02:29,08:02:47,Trunk_Buiucani_to_CBD_12,12
T00015,08:03:52,08:04:10,Trunk_Buiucani_to_CBD_13,13
T00015,08:05:02,08:05:20,Trunk_Buiucani_to_CBD_14,14
T00015,08:06:18,08:06:36,Trunk_Buiucani_to_CBD_15,15
T00016,07:54:00,07:54:18,Trunk_Buiucani_to_CBD_1,1
T00016,07:55:07,07:55:25,Trunk_Buiucani_to_CBD_2,2
T00016,07:56:31,07:56:49,Trunk_Buiucani_to_CBD_3,3
T00016,07:57:54,07:58:12,Trunk_Buiucani_to_CBD_4,4
T00016,07:59:17,07:59:35,Trunk_Buiucani_to_CBD_5,5
T00016,08:00:36,08:00:54,Trunk_Buiucani_to_CBD_6,6
T00016,08:01:51,08:02:09,Trunk_Buiucani_to_CBD_7,7
T00016,08:03:14,08:03:32,Trunk_Buiucani_to_CBD_8,8
T00016,08:04:37,08:04:55,Trunk_Buiucani_to_CBD_9,9
T00016,08:05:59,08:06:17,Trunk_Buiucani_to_CBD_10,10
T00016,08:07:22,08:07:40,Trunk_Buiucani_to_CBD_11,11
T00016,08:08:29,08:08:47,Trunk_Buiucani_to_CBD_12,12
T00016,08:09:52,08:10:10,Trunk_Buiucani_to_CBD_13,13
T00016,08:11:02,08:11:20,Trunk_Buiucani_to_CBD_14,14
T00016,08:12:18,08:12:36,Trunk_Buiucani_to_CBD_15,15
T00017,08:00:00,08:00:18,Trunk_Buiucani_to_CBD_1,1
T00017,08:01:07,08:01:25,Trunk_Buiucani_to_CBD_2,2
T00017,08:02:31,08:02:49,Trunk_Buiucani_to_CBD_3,3
T00017,08:03:54,08:04:12,Trunk_Buiucani_to_CBD_4,4
T00017,08:05:17,08:05:35,Trunk_Buiucani_to_CBD_5,5
T00017,08:06:36,08:06:54,Trunk_Buiucani_to_CBD_6,6
T00017,08:07:51,08:08:09,Trunk_Buiucani_to_CBD_7,7
T00017,08:09:14,08:09:32,Trunk_Buiucani_to_CBD_8,8
T00017,08:10:37,08:10:55,Trunk_Buiucani_to_CBD_9,9
T00017,08:11:59,08:12:17,Trunk_Buiucani_to_CBD_10,10
T00017,08:13:22,08:13:40,Trunk_Buiucani_to_CBD_11,11
T00017,08:14:29,08:14:47,Trunk_Buiucani_to_CBD_12,12
T00017,08:15:52,08:16:10,Trunk_Buiucani_to_CBD_13,13
T00017,08:17:02,08:17:20,Trunk_Buiucani_to_CBD_14,14
T00017,08:18:18,08:18:36,Trunk_Buiucani_to_CBD_15,15
T00018,08:06:00,08:06:18,Trunk_Buiucani_to_CBD_1,1
T00018,08:07:07,08:07:25,Trunk_Buiucani_to_CBD_2,2
T00018,08:08:31,08:08:49,Trunk_Buiucani_to_CBD_3,3
T00018,08:09:54,08:10:12,Trunk_Buiucani_to_CBD_4,4
T00018,08:11:17,08:11:35,Trunk_Buiucani_to_CBD_5,5
T00018,08:12:36,08:12:54,Trunk_Buiucani_to_CBD_6,6
T00018,08:13:51,08:14:09,Trunk_Buiucani_to_CBD_7,7
T00018,08:15:14,08:15:32,Trunk_Buiucani_to_CBD_8,8
T00018,08:16:37,08:16:55,Trunk_Buiucani_to_CBD_9,9
T00018,08:17:59,08:18:17,Trunk_Buiucani_to_CBD_10,10
T00018,08:19:22,08:19:40,Trunk_Buiucani_to_CBD_11,11
T00018,08:20:29,08:20:47,Trunk_Buiucani_to_CBD_12,12
T00018,08:21:52,08:22:10,Trunk_Buiucani_to_CBD_13,13
T00018,08:23:02,08:23:20,Trunk_Buiucani_to_CBD_14,14
T00018,08:24:18,08:24:36,Trunk_Buiucani_to_CBD_15,15
T00019,08:12:00,08:12:18,Trunk_Buiucani_to_CBD_1,1
T00019,08:13:07,08:13:25,Trunk_Buiucani_to_CBD_2,2
T00019,08:14:31,08:14:49,Trunk_Buiucani_to_CBD_3,3
T00019,08:15:54,08:16:12,Trunk_Buiucani_to_CBD_4,4
T00019,08:17:17,08:17:35,Trunk_Buiucani_to_CBD_5,5
T00019,08:18:36,08:18:54,Trunk_Buiucani_to_CBD_6,6
T00019,08:19:51,08:20:09,Trunk_Buiucani_to_CBD_7,7
T00019,08:21:14,08:21:32,Trunk_Buiucani_to_CBD_8,8
T00019,08:22:37,08:22:55,Trunk_Buiucani_to_CBD_9,9
T00019,08:23:59,08:24:17,Trunk_Buiucani_to_CBD_10,10
T00019,08:25:22,08:25:40,Trunk_Buiucani_to_CBD_11,11
T00019,08:26:29,08:26:47,Trunk_Buiucani_to_CBD_12,12
T00019,08:27:52,08:28:10,Trunk_Buiucani_to_CBD_13,13
T00019,08:29:02,08:29:20,Trunk_Buiucani_to_CBD_14,14
T00019,08:30:18,08:30:36,Trunk_Buiucani_to_CBD_15,15
T00020,08:18:00,08:18:18,Trunk_Buiucani_to_CBD_1,1
T00020,08:19:07,08:19:25,Trunk_Buiucani_to_CBD_2,2
T00020,08:20:31,08:20:49,Trunk_Buiucani_to_CBD_3,3
T00020,08:21:54,08:22:12,Trunk_Buiucani_to_CBD_4,4
T00020,08:23:17,08:23:35,Trunk_Buiucani_to_CBD_5,5
T00020,08:24:36,08:24:54,Trunk_Buiucani_to_CBD_6,6
T00020,08:25:51,08:26:09,Trunk_Buiucani_to_CBD_7,7
T00020,08:27:14,08:27:32,Trunk_Buiucani_to_CBD_8,8
T00020,08:28:37,08:28:55,Trunk_Buiucani_to_CBD_9,9
T00020,08:29:59,08:30:17,Trunk_Buiucani_to_CBD_10,10
T00020,08:31:22,08:31:40,Trunk_Buiucani_to_CBD_11,11
T00020,08:32:29,08:32:47,Trunk_Buiucani_to_CBD_12,12
T00020,08:33:52,08:34:10,Trunk_Buiucani_to_CBD_13,13
T00020,08:35:02,08:35:20,Trunk_Buiucani_to_CBD_14,14
T00020,08:36:18,08:36:36,Trunk_Buiucani_to_CBD_15,15
T00021,08:24:00,08:24:18,Trunk_Buiucani_to_CBD_1,1
T00021,08:25:07,08:25:25,Trunk_Buiucani_to_CBD_2,2
T00021,08:26:31,08:26:49,Trunk_Buiucani_to_CBD_3,3
T00021,08:27:54,08:28:12,Trunk_Buiucani_to_CBD_4,4
T00021,08:29:17,08:29:35,Trunk_Buiucani_to_CBD_5,5
T00021,08:30:36,08:30:54,Trunk_Buiucani_to_CBD_6,6
T00021,08:31:51,08:32:09,Trunk_Buiucani_to_CBD_7,7
T00021,08:33:14,08:33:32,Trunk_Buiucani_to_CBD_8,8
T00021,08:34:37,08:34:55,Trunk_Buiucani_to_CBD_9,9
T00021,08:35:59,08:36:17,Trunk_Buiucani_to_CBD_10,10
T00021,08:37:22,08:37:40,Trunk_Buiucani_to_CBD_11,11
T00021,08:38:29,08:38:47,Trunk_Buiucani_to_CBD_12,12
T00021,08:39:52,08:40:10,Trunk_Buiucani_to_CBD_13,13
T00021,08:41:02,08:41:20,Trunk_Buiucani_to_CBD_14,14
T00021,08:42:18,08:42:36,Trunk_Buiucani_to_CBD_15,15
T00022,08:30:00,08:30:18,Trunk_Buiucani_to_CBD_1,1
T00022,08:31:07,08:31:25,Trunk_Buiucani_to_CBD_2,2
T00022,08:32:31,08:32:49,Trunk_Buiucani_to_CBD_3,3
T00022,08:33:54,08:34:12,Trunk_Buiucani_to_CBD_4,4
T00022,08:35:17,08:35:35,Trunk_Buiucani_to_CBD_5,5
T00022,08:36:36,08:36:54,Trunk_Buiucani_to_CBD_6,6
T00022,08:37:51,08:38:09,Trunk_Buiucani_to_CBD_7,7
T00022,08:39:14,08:39:32,Trunk_Buiucani_to_CBD_8,8
T00022,08:40:37,08:40:55,Trunk_Buiucani_to_CBD_9,9
T00022,08:41:59,08:42:17,Trunk_Buiucani_to_CBD_10,10
T00022,08:43:22,08:43:40,Trunk_Buiucani_to_CBD_11,11
T00022,08:44:29,08:44:47,Trunk_Buiucani_to_CBD_12,12
T00022,08:45:52,08:46:10,Trunk_Buiucani_to_CBD_13,13
T00022,08:47:02,08:47:20,Trunk_Buiucani_to_CBD_14,14
T00022,08:48:18,08:48:36,Trunk_Buiucani_to_CBD_15,15
T00023,08:36:00,08:36:18,Trunk_Buiucani_to_CBD_1,1
T00023,08:37:07,08:37:25,Trunk_Buiucani_to_CBD_2,2
T00023,08:38:31,08:38:49,Trunk_Buiucani_to_CBD_3,3
T00023,08:39:54,08:40:12,Trunk_Buiucani_to_CBD_4,4
T00023,08:41:17,08:41:35,Trunk_Buiucani_to_CBD_5,5
T00023,08:42:36,08:42:54,Trunk_Buiucani_to_CBD_6,6
T00023,08:43:51,08:44:09,Trunk_Buiucani_to_CBD_7,7
T00023,08:45:14,08:45:32,Trunk_Buiucani_to_CBD_8,8
T00023,08:46:37,08:46:55,Trunk_Buiucani_to_CBD_9,9
T00023,08:47:59,08:48:17,Trunk_Buiucani_to_CBD_10,10
T00023,08:49:22,08:49:40,Trunk_Buiucani_to_CBD_11,11
T00023,08:50:29,08:50:47,Trunk_Buiucani_to_CBD_12,12
T00023,08:51:52,08:52:10,Trunk_Buiucani_to_CBD_13,13
T00023,08:53:02,08:53:20,Trunk_Buiucani_to_CBD_14,14
T00023,08:54:18,08:54:36,Trunk_Buiucani_to_CBD_15,15
T00024,08:42:00,08:42:18,Trunk_Buiucani_to_CBD_1,1
T00024,08:43:07,08:43:25,Trunk_Buiucani_to_CBD_2,2
T00024,08:44:31,08:44:49,Trunk_Buiucani_to_CBD_3,3
T00024,08:45:54,08:46:12,Trunk_Buiucani_to_CBD_4,4
T00024,08:47:17,08:47:35,Trunk_Buiucani_to_CBD_5,5
T00024,08:48:36,08:48:54,Trunk_Buiucani_to_CBD_6,6
T00024,08:49:51,08:50:09,Trunk_Buiucani_to_CBD_7,7
T00024,08:51:14,08:51:32,Trunk_Buiucani_to_CBD_8,8
T00024,08:52:37,08:52:55,Trunk_Buiucani_to_CBD_9,9
T00024,08:53:59,08:54:17,Trunk_Buiucani_to_CBD_10,10
T00024,08:55:22,08:55:40,Trunk_Buiucani_to_CBD_11,11
T00024,08:56:29,08:56:47,Trunk_Buiucani_to_CBD_12,12
T00024,08:57:52,08:58:10,Trunk_Buiucani_to_CBD_13,13
T00024,08:59:02,08:59:20,Trunk_Buiucani_to_CBD_14,14
T00024,09:00:18,09:00:36,Trunk_Buiucani_to_CBD_15,15
T00025,08:48:00,08:48:18,Trunk_Buiucani_to_CBD_1,1
T00025,08:49:07,08:49:25,Trunk_Buiucani_to_CBD_2,2
T00025,08:50:31,08:50:49,Trunk_Buiucani_to_CBD_3,3
T00025,08:51:54,08:52:12,Trunk_Buiucani_to_CBD_4,4
T00025,08:53:17,08:53:35,Trunk_Buiucani_to_CBD_5,5
T00025,08:54:36,08:54:54,Trunk_Buiucani_to_CBD_6,6
T00025,08:55:51,08:56:09,Trunk_Buiucani_to_CBD_7,7
T00025,08:57:14,08:57:32,Trunk_Buiucani_to_CBD_8,8
T00025,08:58:37,08:58:55,Trunk_Buiucani_to_CBD_9,9
T00025,08:59:59,09:00:17,Trunk_Buiucani_to_CBD_10,10
T00025,09:01:22,09:01:40,Trunk_Buiucani_to_CBD_11,11
T00025,09:02:29,09:02:47,Trunk_Buiucani_to_CBD_12,12
T00025,09:03:52,09:04:10,Trunk_Buiucani_to_CBD_13,13
T00025,09:05:02,09:05:20,Trunk_Buiucani_to_CBD_14,14
T00025,09:06:18,09:06:36,Trunk_Buiucani_to_CBD_15,15
T00026,08:54:00,08:54:18,Trunk_Buiucani_to_CBD_1,1
T00026,08:55:07,08:55:25,Trunk_Buiucani_to_CBD_2,2
T00026,08:56:31,08:56:49,Trunk_Buiucani_to_CBD_3,3
T00026,08:57:54,08:58:12,Trunk_Buiucani_to_CBD_4,4
T00026,08:59:17,08:59:35,Trunk_Buiucani_to_CBD_5,5
T00026,09:00:36,09:00:54,Trunk_Buiucani_to_CBD_6,6
T00026,09:01:51,09:02:09,Trunk_Buiucani_to_CBD_7,7
T00026,09:03:14,09:03:32,Trunk_Buiucani_to_CBD_8,8
T00026,09:04:37,09:04:55,Trunk_Buiucani_to_CBD_9,9
T00026,09:05:59,09:06:17,Trunk_Buiucani_to_CBD_10,10
T00026,09:07:22,09:07:40,Trunk_Buiucani_to_CBD_11,11
T00026,09:08:29,09:08:47,Trunk_Buiucani_to_CBD_12,12
T00026,09:09:52,09:10:10,Trunk_Buiucani_to_CBD_13,13
T00026,09:11:02,09:11:20,Trunk_Buiucani_to_CBD_14,14
T00026,09:12:18,09:12:36,Trunk_Buiucani_to_CBD_15,15
T00027,09:00:00,09:00:18,Trunk_Buiucani_to_CBD_1,1
T00027,09:01:07,09:01:25,Trunk_Buiucani_to_CBD_2,2
T00027,09:02:31,09:02:49,Trunk_Buiucani_to_CBD_3,3
T00027,09:03:54,09:04:12,Trunk_Buiucani_to_CBD_4,4
T00027,09:05:17,09:05:35,Trunk_Buiucani_to_CBD_5,5
T00027,09:06:36,09:06:54,Trunk_Buiucani_to_CBD_6,6
T00027,09:07:51,09:08:09,Trunk_Buiucani_to_CBD_7,7
T00027,09:09:14,09:09:32,Trunk_Buiucani_to_CBD_8,8
T00027,09:10:37,09:10:55,Trunk_Buiucani_to_CBD_9,9
T00027,09:11:59,09:12:17,Trunk_Buiucani_to_CBD_10,10
T00027,09:13:22,09:13:40,Trunk_Buiucani_to_CBD_11,11
T00027,09:14:29,09:14:47,Trunk_Buiucani_to_CBD_12,12
T00027,09:15:52,09:16:10,Trunk_Buiucani_to_CBD_13,13
T00027,09:17:02,09:17:20,Trunk_Buiucani_to_CBD_14,14
T00027,09:18:18,09:18:36,Trunk_Buiucani_to_CBD_15,15
T00028,09:08:00,09:08:18,Trunk_Buiucani_to_CBD_1,1
T00028,09:09:07,09:09:25,Trunk_Buiucani_to_CBD_2,2
T00028,09:10:31,09:10:49,Trunk_Buiucani_to_CBD_3,3
T00028,09:11:54,09:12:12,Trunk_Buiucani_to_CBD_4,4
T00028,09:13:17,09:13:35,Trunk_Buiucani_to_CBD_5,5
T00028,09:14:36,09:14:54,Trunk_Buiucani_to_CBD_6,6
T00028,09:15:51,09:16:09,Trunk_Buiucani_to_CBD_7,7
T00028,09:17:14,09:17:32,Trunk_Buiucani_to_CBD_8,8
T00028,09:18:37,09:18:55,Trunk_Buiucani_to_CBD_9,9
T00028,09:19:59,09:20:17,Trunk_Buiucani_to_CBD_10,10
T00028,09:21:22,09:21:40,Trunk_Buiucani_to_CBD_11,11
T00028,09:22:29,09:22:47,Trunk_Buiucani_to_CBD_12,12
T00028,09:23:52,09:24:10,Trunk_Buiucani_to_CBD_13,13
T00028,09:25:02,09:25:20,Trunk_Buiucani_to_CBD_14,14
T00028,09:26:18,09:26:36,Trunk_Buiucani_to_CBD_15,15
T00029,09:16:00,09:16:18,Trunk_Buiucani_to_CBD_1,1
T00029,09:17:07,09:17:25,Trunk_Buiucani_to_CBD_2,2
T00029,09:18:31,09:18:49,Trunk_Buiucani_to_CBD_3,3
T00029,09:19:54,09:20:12,Trunk_Buiucani_to_CBD_4,4
T00029,09:21:17,09:21:35,Trunk_Buiucani_to_CBD_5,5
T00029,09:22:36,09:22:54,Trunk_Buiucani_to_CBD_6,6
T00029,09:23:51,09:24:09,Trunk_Buiucani_to_CBD_7,7
T00029,09:25:14,09:25:32,Trunk_Buiucani_to_CBD_8,8
T00029,09:26:37,09:26:55,Trunk_Buiucani_to_CBD_9,9
T00029,09:27:59,09:28:17,Trunk_Buiucani_to_CBD_10,10
T00029,09:29:22,09:29:40,Trunk_Buiucani_to_CBD_11,11
T00029,09:30:29,09:30:47,Trunk_Buiucani_to_CBD_12,12
T00029,09:31:52,09:32:10,Trunk_Buiucani_to_CBD_13,13
T00029,09:33:02,09:33:20,Trunk_Buiucani_to_CBD_14,14
T00029,09:34:18,09:34:36,Trunk_Buiucani_to_CBD_15,15
T00030,09:24:00,09:24:18,Trunk_Buiucani_to_CBD_1,1
T00030,09:25:07,09:25:25,Trunk_Buiucani_to_CBD_2,2
T00030,09:26:31,09:26:49,Trunk_Buiucani_to_CBD_3,3
T00030,09:27:54,09:28:12,Trunk_Buiucani_to_CBD_4,4
T00030,09:29:17,09:29:35,Trunk_Buiucani_to_CBD_5,5
T00030,09:30:36,09:30:54,Trunk_Buiucani_to_CBD_6,6
T00030,09:31:51,09:32:09,Trunk_Buiucani_to_CBD_7,7
T00030,09:33:14,09:33:32,Trunk_Buiucani_to_CBD_8,8
T00030,09:34:37,09:34:55,Trunk_Buiucani_to_CBD_9,9
T00030,09:35:59,09:36:17,Trunk_Buiucani_to_CBD_10,10
T00030,09:37:22,09:37:40,Trunk_Buiucani_to_CBD_11,11
T00030,09:38:29,09:38:47,Trunk_Buiucani_to_CBD_12,12
T00030,09:39:52,09:40:10,Trunk_Buiucani_to_CBD_13,13
T00030,09:41:02,09:41:20,Trunk_Buiucani_to_CBD_14,14
T00030,09:42:18,09:42:36,Trunk_Buiucani_to_CBD_15,15
T00031,09:32:00,09:32:18,Trunk_Buiucani_to_CBD_1,1
T00031,09:33:07,09:33:25,Trunk_Buiucani_to_CBD_2,2
T00031,09:34:31,09:34:49,Trunk_Buiucani_to_CBD_3,3
T00031,09:35:54,09:36:12,Trunk_Buiucani_to_CBD_4,4
T00031,09:37:17,09:37:35,Trunk_Buiucani_to_CBD_5,5
T00031,09:38:36,09:38:54,Trunk_Buiucani_to_CBD_6,6
T00031,09:39:51,09:40:09,Trunk_Buiucani_to_CBD_7,7
T00031,09:41:14,09:41:32,Trunk_Buiucani_to_CBD_8,8
T00031,09:42:37,09:42:55,Trunk_Buiucani_to_CBD_9,9
T00031,09:43:59,09:44:17,Trunk_Buiucani_to_CBD_10,10
T00031,09:45:22,09:45:40,Trunk_Buiucani_to_CBD_11,11
T00031,09:46:29,09:46:47,Trunk_Buiucani_to_CBD_12,12
T00031,09:47:52,09:48:10,Trunk_Buiucani_to_CBD_13,13
T00031,09:49:02,09:49:20,Trunk_Buiucani_to_CBD_14,14
T00031,09:50:18,09:50:36,Trunk_Buiucani_to_CBD_15,15
T00032,09:40:00,09:40:18,Trunk_Buiucani_to_CBD_1,1
T00032,09:41:07,09:41:25,Trunk_Buiucani_to_CBD_2,2
T00032,09:42:31,09:42:49,Trunk_Buiucani_to_CBD_3,3
T00032,09:43:54,09:44:12,Trunk_Buiucani_to_CBD_4,4
T00032,09:45:17,09:45:35,Trunk_Buiucani_to_CBD_5,5
T00032,09:46:36,09:46:54,Trunk_Buiucani_to_CBD_6,6
T00032,09:47:51,09:48:09,Trunk_Buiucani_to_CBD_7,7
T00032,09:49:14,09:49:32,Trunk_Buiucani_to_CBD_8,8
T00032,09:50:37,09:50:55,Trunk_Buiucani_to_CBD_9,9
T00032,09:51:59,09:52:17,Trunk_Buiucani_to_CBD_10,10
T00032,09:53:22,09:53:40,Trunk_Buiucani_to_CBD_11,11
T00032,09:54:29,09:54:47,Trunk_Buiucani_to_CBD_12,12
T00032,09:55:52,09:56:10,Trunk_Buiucani_to_CBD_13,13
T00032,09:57:02,09:57:20,Trunk_Buiucani_to_CBD_14,14
T00032,09:58:18,09:58:36,Trunk_Buiucani_to_CBD_15,15
T00033,09:48:00,09:48:18,Trunk_Buiucani_to_CBD_1,1
T00033,09:49:07,09:49:25,Trunk_Buiucani_to_CBD_2,2
T00033,09:50:31,09:50:49,Trunk_Buiucani_to_CBD_3,3
T00033,09:51:54,09:52:12,Trunk_Buiucani_to_CBD_4,4
T00033,09:53:17,09:53:35,Trunk_Buiucani_to_CBD_5,5
T00033,09:54:36,09:54:54,Trunk_Buiucani_to_CBD_6,6
T00033,09:55:51,09:56:09,Trunk_Buiucani_to_CBD_7,7
T00033,09:57:14,09:57:32,Trunk_Buiucani_to_CBD_8,8
T00033,09:58:37,09:58:55,Trunk_Buiucani_to_CBD_9,9
T00033,09:59:59,10:00:17,Trunk_Buiucani_to_CBD_10,10
T00033,10:01:22,10:01:40,Trunk_Buiucani_to_CBD_11,11
T00033,10:02:29,10:02:47,Trunk_Buiucani_to_CBD_12,12
T00033,10:03:52,10:04:10,Trunk_Buiucani_to_CBD_13,13
T00033,10:05:02,10:05:20,Trunk_Buiucani_to_CBD_14,14
T00033,10:06:18,10:06:36,Trunk_Buiucani_to_CBD_15,15
T00034,09:56:00,09:56:18,Trunk_Buiucani_to_CBD_1,1
T00034,09:57:07,09:57:25,Trunk_Buiucani_to_CBD_2,2
T00034,09:58:31,09:58:49,Trunk_Buiucani_to_CBD_3,3
T00034,09:59:54,10:00:12,Trunk_Buiucani_to_CBD_4,4
T00034,10:01:17,10:01:35,Trunk_Buiucani_to_CBD_5,5
T00034,10:02:36,10:02:54,Trunk_Buiucani_to_CBD_6,6
T00034,10:03:51,10:04:09,Trunk_Buiucani_to_CBD_7,7
T00034,10:05:14,10:05:32,Trunk_Buiucani_to_CBD_8,8
T00034,10:06:37,10:06:55,Trunk_Buiucani_to_CBD_9,9
T00034,10:07:59,10:08:17,Trunk_Buiucani_to_CBD_10,10
T00034,10:09:22,10:09:40,Trunk_Buiucani_to_CBD_11,11
T00034,10:10:29,10:10:47,Trunk_Buiucani_to_CBD_12,12
T00034,10:11:52,10:12:10,Trunk_Buiucani_to_CBD_13,13
T00034,10:13:02,10:13:20,Trunk_Buiucani_to_CBD_14,14
T00034,10:14:18,10:14:36,Trunk_Buiucani_to_CBD_15,15
T00035,10:04:00,10:04:18,Trunk_Buiucani_to_CBD_1,1
T00035,10:05:07,10:05:25,Trunk_Buiucani_to_CBD_2,2
T00035,10:06:31,10:06:49,Trunk_Buiucani_to_CBD_3,3
T00035,10:07:54,10:08:12,Trunk_Buiucani_to_CBD_4,4
T00035,10:09:17,10:09:35,Trunk_Buiucani_to_CBD_5,5
T00035,10:10:36,10:10:54,Trunk_Buiucani_to_CBD_6,6
T00035,10:11:51,10:12:09,Trunk_Buiucani_to_CBD_7,7
T00035,10:13:14,10:13:32,Trunk_Buiucani_to_CBD_8,8
T00035,10:14:37,10:14:55,Trunk_Buiucani_to_CBD_9,9
T00035,10:15:59,10:16:17,Trunk_Buiucani_to_CBD_10,10
T00035,10:17:22,10:17:40,Trunk_Buiucani_to_CBD_11,11
T00035,10:18:29,10:18:47,Trunk_Buiucani_to_CBD_12,12
T00035,10:19:52,10:20:10,Trunk_Buiucani_to_CBD_13,13
T00035,10:21:02,10:21:20,Trunk_Buiucani_to_CBD_14,14
T00035,10:22:18,10:22:36,Trunk_Buiucani_to_CBD_15,15
T00036,10:16:00,10:16:18,Trunk_Buiucani_to_CBD_1,1
T00036,10:17:07,10:17:25,Trunk_Buiucani_to_CBD_2,2
T00036,10:18:31,10:18:49,Trunk_Buiucani_to_CBD_3,3
T00036,10:19:54,10:20:12,Trunk_Buiucani_to_CBD_4,4
T00036,10:21:17,10:21:35,Trunk_Buiucani_to_CBD_5,5
T00036,10:22:36,10:22:54,Trunk_Buiucani_to_CBD_6,6
T00036,10:23:51,10:24:09,Trunk_Buiucani_to_CBD_7,7
T00036,10:25:14,10:25:32,Trunk_Buiucani_to_CBD_8,8
T00036,10:26:37,10:26:55,Trunk_Buiucani_to_CBD_9,9
T00036,10:27:59,10:28:17,Trunk_Buiucani_to_CBD_10,10
T00036,10:29:22,10:29:40,Trunk_Buiucani_to_CBD_11,11
T00036,10:30:29,10:30:47,Trunk_Buiucani_to_CBD_12,12
T00036,10:31:52,10:32:10,Trunk_Buiucani_to_CBD_13,13
T00036,10:33:02,10:33:20,Trunk_Buiucani_to_CBD_14,14
T00036,10:34:18,10:34:36,Trunk_Buiucani_to_CBD_15,15
T00037,10:28:00,10:28:18,Trunk_Buiucani_to_CBD_1,1
T00037,10:29:07,10:29:25,Trunk_Buiucani_to_CBD_2,2
T00037,10:30:31,10:30:49,Trunk_Buiucani_to_CBD_3,3
T00037,10:31:54,10:32:12,Trunk_Buiucani_to_CBD_4,4
T00037,10:33:17,10:33:35,Trunk_Buiucani_to_CBD_5,5
T00037,10:34:36,10:34:54,Trunk_Buiucani_to_CBD_6,6
T00037,10:35:51,10:36:09,Trunk_Buiucani_to_CBD_7,7
T00037,10:37:14,10:37:32,Trunk_Buiucani_to_CBD_8,8
T00037,10:38:37,10:38:55,Trunk_Buiucani_to_CBD_9,9
T00037,10:39:59,10:40:17,Trunk_Buiucani_to_CBD_10,10
T00037,10:41:22,10:41:40,Trunk_Buiucani_to_CBD_11,11
T00037,10:42:29,10:42:47,Trunk_Buiucani_to_CBD_12,12
T00037,10:43:52,10:44:10,Trunk_Buiucani_to_CBD_13,13
T00037,10:45:02,10:45:20,Trunk_Buiucani_to_CBD_14,14
T00037,10:46:18,10:46:36,Trunk_Buiucani_to_CBD_15,15
T00038,10:40:00,10:40:18,Trunk_Buiucani_to_CBD_1,1
T00038,10:41:07,10:41:25,Trunk_Buiucani_to_CBD_2,2
T00038,10:42:31,10:42:49,Trunk_Buiucani_to_CBD_3,3
T00038,10:43:54,10:44:12,Trunk_Buiucani_to_CBD_4,4
T00038,10:45:17,10:45:35,Trunk_Buiucani_to_CBD_5,5
T00038,10:46:36,10:46:54,Trunk_Buiucani_to_CBD_6,6
T00038,10:47:51,10:48:09,Trunk_Buiucani_to_CBD_7,7
T00038,10:49:14,10:49:32,Trunk_Buiucani_to_CBD_8,8
T00038,10:50:37,10:50:55,Trunk_Buiucani_to_CBD_9,9
T00038,10:51:59,10:52:17,Trunk_Buiucani_to_CBD_10,10
T00038,10:53:22,10:53:40,Trunk_Buiucani_to_CBD_11,11
T00038,10:54:29,10:54:47,Trunk_Buiucani_to_CBD_12,12
T00038,10:55:52,10:56:10,Trunk_Buiucani_to_CBD_13,13
T00038,10:57:02,10:57:20,Trunk_Buiucani_to_CBD_14,14
T00038,10:58:18,10:58:36,Trunk_Buiucani_to_CBD_15,15
T00039,10:52:00,10:52:18,Trunk_Buiucani_to_CBD_1,1
T00039,10:53:07,10:53:25,Trunk_Buiucani_to_CBD_2,2
T00039,10:54:31,10:54:49,Trunk_Buiucani_to_CBD_3,3
T00039,10:55:54,10:56:12,Trunk_Buiucani_to_CBD_4,4
T00039,10:57:17,10:57:35,Trunk_Buiucani_to_CBD_5,5
T00039,10:58:36,10:58:54,Trunk_Buiucani_to_CBD_6,6
T00039,10:59:51,11:00:09,Trunk_Buiucani_to_CBD_7,7
T00039,11:01:14,11:01:32,Trunk_Buiucani_to_CBD_8,8
T00039,11:02:37,11:02:55,Trunk_Buiucani_to_CBD_9,9
T00039,11:03:59,11:04:17,Trunk_Buiucani_to_CBD_10,10
T00039,11:05:22,11:05:40,Trunk_Buiucani_to_CBD_11,11
T00039,11:06:29,11:06:47,Trunk_Buiucani_to_CBD_12,12
T00039,11:07:52,11:08:10,Trunk_Buiucani_to_CBD_13,13
T00039,11:09:02,11:09:20,Trunk_Buiucani_to_CBD_14,14
T00039,11:10:18,11:10:36,Trunk_Buiucani_to_CBD_15,15
T00040,11:04:00,11:04:18,Trunk_Buiucani_to_CBD_1,1
T00040,11:05:07,11:05:25,Trunk_Buiucani_to_CBD_2,2
T00040,11:06:31,11:06:49,Trunk_Buiucani_to_CBD_3,3
T00040,11:07:54,11:08:12,Trunk_Buiucani_to_CBD_4,4
T00040,11:09:17,11:09:35,Trunk_Buiucani_to_CBD_5,5
T00040,11:10:36,11:10:54,Trunk_Buiucani_to_CBD_6,6
T00040,11:11:51,11:12:09,Trunk_Buiucani_to_CBD_7,7
T00040,11:13:14,11:13:32,Trunk_Buiucani_to_CBD_8,8
T00040,11:14:37,11:14:55,Trunk_Buiucani_to_CBD_9,9
T00040,11:15:59,11:16:17,Trunk_Buiucani_to_CBD_10,10
T00040,11:17:22,11:17:40,Trunk_Buiucani_to_CBD_11,11
T00040,11:18:29,11:18:47,Trunk_Buiucani_to_CBD_12,12
T00040,11:19:52,11:20:10,Trunk_Buiucani_to_CBD_13,13
T00040,11:21:02,11:21:20,Trunk_Buiucani_to_CBD_14,14
T00040,11:22:18,11:22:36,Trunk_Buiucani_to_CBD_15,15
T00041,11:12:00,11:12:18,Trunk_Buiucani_to_CBD_1,1
T00041,11:13:07,11:13:25,Trunk_Buiucani_to_CBD_2,2
T00041,11:14:31,11:14:49,Trunk_Buiucani_to_CBD_3,3
T00041,11:15:54,11:16:12,Trunk_Buiucani_to_CBD_4,4
T00041,11:17:17,11:17:35,Trunk_Buiucani_to_CBD_5,5
T00041,11:18:36,11:18:54,Trunk_Buiucani_to_CBD_6,6
T00041,11:19:51,11:20:09,Trunk_Buiucani_to_CBD_7,7
T00041,11:21:14,11:21:32,Trunk_Buiucani_to_CBD_8,8
T00041,11:22:37,11:22:55,Trunk_Buiucani_to_CBD_9,9
T00041,11:23:59,11:24:17,Trunk_Buiucani_to_CBD_10,10
T00041,11:25:22,11:25:40,Trunk_Buiucani_to_CBD_11,11
T00041,11:26:29,11:26:47,Trunk_Buiucani_to_CBD_12,12
T00041,11:27:52,11:28:10,Trunk_Buiucani_to_CBD_13,13
T00041,11:29:02,11:29:20,Trunk_Buiucani_to_CBD_14,14
T00041,11:30:18,11:30:36,Trunk_Buiucani_to_CBD_15,15
T00042,11:20:00,11:20:18,Trunk_Buiucani_to_CBD_1,1
T00042,11:21:07,11:21:25,Trunk_Buiucani_to_CBD_2,2
T00042,11:22:31,11:22:49,Trunk_Buiucani_to_CBD_3,3
T00042,11:23:54,11:24:12,Trunk_Buiucani_to_CBD_4,4
T00042,11:25:17,11:25:35,Trunk_Buiucani_to_CBD_5,5
T00042,11:26:36,11:26:54,Trunk_Buiucani_to_CBD_6,6
T00042,11:27:51,11:28:09,Trunk_Buiucani_to_CBD_7,7
T00042,11:29:14,11:29:32,Trunk_Buiucani_to_CBD_8,8
T00042,11:30:37,11:30:55,Trunk_Buiucani_to_CBD_9,9
T00042,11:31:59,11:32:17,Trunk_Buiucani_to_CBD_10,10
T00042,11:33:22,11:33:40,Trunk_Buiucani_to_CBD_11,11
T00042,11:34:29,11:34:47,Trunk_Buiucani_to_CBD_12,12
T00042,11:35:52,11:36:10,Trunk_Buiucani_to_CBD_13,13
T00042,11:37:02,11:37:20,Trunk_Buiucani_to_CBD_14,14
T00042,11:38:18,11:38:36,Trunk_Buiucani_to_CBD_15,15
T00043,11:28:00,11:28:18,Trunk_Buiucani_to_CBD_1,1
T00043,11:29:07,11:29:25,Trunk_Buiucani_to_CBD_2,2
T00043,11:30:31,11:30:49,Trunk_Buiucani_to_CBD_3,3
T00043,11:31:54,11:32:12,Trunk_Buiucani_to_CBD_4,4
T00043,11:33:17,11:33:35,Trunk_Buiucani_to_CBD_5,5
T00043,11:34:36,11:34:54,Trunk_Buiucani_to_CBD_6,6
T00043,11:35:51,11:36:09,Trunk_Buiucani_to_CBD_7,7
T00043,11:37:14,11:37:32,Trunk_Buiucani_to_CBD_8,8
T00043,11:38:37,11:38:55,Trunk_Buiucani_to_CBD_9,9
T00043,11:39:59,11:40:17,Trunk_Buiucani_to_CBD_10,10
T00043,11:41:22,11:41:40,Trunk_Buiucani_to_CBD_11,11
T00043,11:42:29,11:42:47,Trunk_Buiucani_to_CBD_12,12
T00043,11:43:52,11:44:10,Trunk_Buiucani_to_CBD_13,13
T00043,11:45:02,11:45:20,Trunk_Buiucani_to_CBD_14,14
T00043,11:46:18,11:46:36,Trunk_Buiucani_to_CBD_15,15
T00044,11:36:00,11:36:18,Trunk_Buiucani_to_CBD_1,1
T00044,11:37:07,11:37:25,Trunk_Buiucani_to_CBD_2,2
T00044,11:38:31,11:38:49,Trunk_Buiucani_to_CBD_3,3
T00044,11:39:54,11:40:12,Trunk_Buiucani_to_CBD_4,4
T00044,11:41:17,11:41:35,Trunk_Buiucani_to_CBD_5,5
T00044,11:42:36,11:42:54,Trunk_Buiucani_to_CBD_6,6
T00044,11:43:51,11:44:09,Trunk_Buiucani_to_CBD_7,7
T00044,11:45:14,11:45:32,Trunk_Buiucani_to_CBD_8,8
T00044,11:46:37,11:46:55,Trunk_Buiucani_to_CBD_9,9
T00044,11:47:59,11:48:17,Trunk_Buiucani_to_CBD_10,10
T00044,11:49:22,11:49:40,Trunk_Buiucani_to_CBD_11,11
T00044,11:50:29,11:50:47,Trunk_Buiucani_to_CBD_12,12
T00044,11:51:52,11:52:10,Trunk_Buiucani_to_CBD_13,13
T00044,11:53:02,11:53:20,Trunk_Buiucani_to_CBD_14,14
T00044,11:54:18,11:54:36,Trunk_Buiucani_to_CBD_15,15
T00045,11:44:00,11:44:18,Trunk_Buiucani_to_CBD_1,1
T00045,11:45:07,11:45:25,Trunk_Buiucani_to_CBD_2,2
T00045,11:46:31,11:46:49,Trunk_Buiucani_to_CBD_3,3
T00045,11:47:54,11:48:12,Trunk_Buiucani_to_CBD_4,4
T00045,11:49:17,11:49:35,Trunk_Buiucani_to_CBD_5,5
T00045,11:50:36,11:50:54,Trunk_Buiucani_to_CBD_6,6
T00045,11:51:51,11:52:09,Trunk_Buiucani_to_CBD_7,7
T00045,11:53:14,11:53:32,Trunk_Buiucani_to_CBD_8,8
T00045,11:54:37,11:54:55,Trunk_Buiucani_to_CBD_9,9
T00045,11:55:59,11:56:17,Trunk_Buiucani_to_CBD_10,10
T00045,11:57:22,11:57:40,Trunk_Buiucani_to_CBD_11,11
T00045,11:58:29,11:58:47,Trunk_Buiucani_to_CBD_12,12
T00045,11:59:52,12:00:10,Trunk_Buiucani_to_CBD_13,13
T00045,12:01:02,12:01:20,Trunk_Buiucani_to_CBD_14,14
T00045,12:02:18,12:02:36,Trunk_Buiucani_to_CBD_15,15
T00046,11:52:00,11:52:18,Trunk_Buiucani_to_CBD_1,1
T00046,11:53:07,11:53:25,Trunk_Buiucani_to_CBD_2,2
T00046,11:54:31,11:54:49,Trunk_Buiucani_to_CBD_3,3
T00046,11:55:54,11:56:12,Trunk_Buiucani_to_CBD_4,4
T00046,11:57:17,11:57:35,Trunk_Buiucani_to_CBD_5,5
T00046,11:58:36,11:58:54,Trunk_Buiucani_to_CBD_6,6
T00046,11:59:51,12:00:09,Trunk_Buiucani_to_CBD_7,7
T00046,12:01:14,12:01:32,Trunk_Buiucani_to_CBD_8,8
T00046,12:02:37,12:02:55,Trunk_Buiucani_to_CBD_9,9
T00046,12:03:59,12:04:17,Trunk_Buiucani_to_CBD_10,10
T00046,12:05:22,12:05:40,Trunk_Buiucani_to_CBD_11,11
T00046,12:06:29,12:06:47,Trunk_Buiucani_to_CBD_12,12
T00046,12:07:52,12:08:10,Trunk_Buiucani_to_CBD_13,13
T00046,12:09:02,12:09:20,Trunk_Buiucani_to_CBD_14,14
T00046,12:10:18,12:10:36,Trunk_Buiucani_to_CBD_15,15
T00047,12:00:00,12:00:18,Trunk_Buiucani_to_CBD_1,1
T00047,12:01:07,12:01:25,Trunk_Buiucani_to_CBD_2,2
T00047,12:02:31,12:02:49,Trunk_Buiucani_to_CBD_3,3
T00047,12:03:54,12:04:12,Trunk_Buiucani_to_CBD_4,4
T00047,12:05:17,12:05:35,Trunk_Buiucani_to_CBD_5,5
T00047,12:06:36,12:06:54,Trunk_Buiucani_to_CBD_6,6
T00047,12:07:51,12:08:09,Trunk_Buiucani_to_CBD_7,7
T00047,12:09:14,12:09:32,Trunk_Buiucani_to_CBD_8,8
T00047,12:10:37,12:10:55,Trunk_Buiucani_to_CBD_9,9
T00047,12:11:59,12:12:17,Trunk_Buiucani_to_CBD_10,10
T00047,12:13:22,12:13:40,Trunk_Buiucani_to_CBD_11,11
T00047,12:14:29,12:14:47,Trunk_Buiucani_to_CBD_12,12
T00047,12:15:52,12:16:10,Trunk_Buiucani_to_CBD_13,13
T00047,12:17:02,12:17:20,Trunk_Buiucani_to_CBD_14,14
T00047,12:18:18,12:18:36,Trunk_Buiucani_to_CBD_15,15
T00048,12:08:00,12:08:18,Trunk_Buiucani_to_CBD_1,1
T00048,12:09:07,12:09:25,Trunk_Buiucani_to_CBD_2,2
T00048,12:10:31,12:10:49,Trunk_Buiucani_to_CBD_3,3
T00048,12:11:54,12:12:12,Trunk_Buiucani_to_CBD_4,4
T00048,12:13:17,12:13:35,Trunk_Buiucani_to_CBD_5,5
T00048,12:14:36,12:14:54,Trunk_Buiucani_to_CBD_6,6
T00048,12:15:51,12:16:09,Trunk_Buiucani_to_CBD_7,7
T00048,12:17:14,12:17:32,Trunk_Buiucani_to_CBD_8,8
T00048,12:18:37,12:18:55,Trunk_Buiucani_to_CBD_9,9
T00048,12:19:59,12:20:17,Trunk_Buiucani_to_CBD_10,10
T00048,12:21:22,12:21:40,Trunk_Buiucani_to_CBD_11,11
T00048,12:22:29,12:22:47,Trunk_Buiucani_to_CBD_12,12
T00048,12:23:52,12:24:10,Trunk_Buiucani_to_CBD_13,13
T00048,12:25:02,12:25:20,Trunk_Buiucani_to_CBD_14,14
T00048,12:26:18,12:26:36,Trunk_Buiucani_to_CBD_15,15
T00049,12:16:00,12:16:18,Trunk_Buiucani_to_CBD_1,1
T00049,12:17:07,12:17:25,Trunk_Buiucani_to_CBD_2,2
T00049,12:18:31,12:18:49,Trunk_Buiucani_to_CBD_3,3
T00049,12:19:54,12:20:12,Trunk_Buiucani_to_CBD_4,4
T00049,12:21:17,12:21:35,Trunk_Buiucani_to_CBD_5,5
T00049,12:22:36,12:22:54,Trunk_Buiucani_to_CBD_6,6
T00049,12:23:51,12:24:09,Trunk_Buiucani_to_CBD_7,7
T00049,12:25:14,12:25:32,Trunk_Buiucani_to_CBD_8,8
T00049,12:26:37,12:26:55,Trunk_Buiucani_to_CBD_9,9
T00049,12:27:59,12:28:17,Trunk_Buiucani_to_CBD_10,10
T00049,12:29:22,12:29:40,Trunk_Buiucani_to_CBD_11,11
T00049,12:30:29,12:30:47,Trunk_Buiucani_to_CBD_12,12
T00049,12:31:52,12:32:10,Trunk_Buiucani_to_CBD_13,13
T00049,12:33:02,12:33:20,Trunk_Buiucani_to_CBD_14,14
T00049,12:34:18,12:34:36,Trunk_Buiucani_to_CBD_15,15
T00050,12:24:00,12:24:18,Trunk_Buiucani_to_CBD_1,1
T00050,12:25:07,12:25:25,Trunk_Buiucani_to_CBD_2,2
T00050,12:26:31,12:26:49,Trunk_Buiucani_to_CBD_3,3
T00050,12:27:54,12:28:12,Trunk_Buiucani_to_CBD_4,4
T00050,12:29:17,12:29:35,Trunk_Buiucani_to_CBD_5,5
T00050,12:30:36,12:30:54,Trunk_Buiucani_to_CBD_6,6
T00050,12:31:51,12:32:09,Trunk_Buiucani_to_CBD_7,7
T00050,12:33:14,12:33:32,Trunk_Buiucani_to_CBD_8,8
T00050,12:34:37,12:34:55,Trunk_Buiucani_to_CBD_9,9
T00050,12:35:59,12:36:17,Trunk_Buiucani_to_CBD_10,10
T00050,12:37:22,12:37:40,Trunk_Buiucani_to_CBD_11,11
T00050,12:38:29,12:38:47,Trunk_Buiucani_to_CBD_12,12
T00050,12:39:52,12:40:10,Trunk_Buiucani_to_CBD_13,13
T00050,12:41:02,12:41:20,Trunk_Buiucani_to_CBD_14,14
T00050,12:42:18,12:42:36,Trunk_Buiucani_to_CBD_15,15
T00051,12:32:00,12:32:18,Trunk_Buiucani_to_CBD_1,1
T00051,12:33:07,12:33:25,Trunk_Buiucani_to_CBD_2,2
T00051,12:34:31,12:34:49,Trunk_Buiucani_to_CBD_3,3
T00051,12:35:54,12:36:12,Trunk_Buiucani_to_CBD_4,4
T00051,12:37:17,12:37:35,Trunk_Buiucani_to_CBD_5,5
T00051,12:38:36,12:38:54,Trunk_Buiucani_to_CBD_6,6
T00051,12:39:51,12:40:09,Trunk_Buiucani_to_CBD_7,7
T00051,12:41:14,12:41:32,Trunk_Buiucani_to_CBD_8,8
T00051,12:42:37,12:42:55,Trunk_Buiucani_to_CBD_9,9
T00051,12:43:59,12:44:17,Trunk_Buiucani_to_CBD_10,10
T00051,12:45:22,12:45:40,Trunk_Buiucani_to_CBD_11,11
T00051,12:46:29,12:46:47,Trunk_Buiucani_to_CBD_12,12
T00051,12:47:52,12:48:10,Trunk_Buiucani_to_CBD_13,13
T00051,12:49:02,12:49:20,Trunk_Buiucani_to_CBD_14,14
T00051,12:50:18,12:50:36,Trunk_Buiucani_to_CBD_15,15
T00052,12:40:00,12:40:18,Trunk_Buiucani_to_CBD_1,1
T00052,12:41:07,12:41:25,Trunk_Buiucani_to_CBD_2,2
T00052,12:42:31,12:42:49,Trunk_Buiucani_to_CBD_3,3
T00052,12:43:54,12:44:12,Trunk_Buiucani_to_CBD_4,4
T00052,12:45:17,12:45:35,Trunk_Buiucani_to_CBD_5,5
T00052,12:46:36,12:46:54,Trunk_Buiucani_to_CBD_6,6
T00052,12:47:51,12:48:09,Trunk_Buiucani_to_CBD_7,7
T00052,12:49:14,12:49:32,Trunk_Buiucani_to_CBD_8,8
T00052,12:50:37,12:50:55,Trunk_Buiucani_to_CBD_9,9
T00052,12:51:59,12:52:17,Trunk_Buiucani_to_CBD_10,10
T00052,12:53:22,12:53:40,Trunk_Buiucani_to_CBD_11,11
T00052,12:54:29,12:54:47,Trunk_Buiucani_to_CBD_12,12
T00052,12:55:52,12:56:10,Trunk_Buiucani_to_CBD_13,13
T00052,12:57:02,12:57:20,Trunk_Buiucani_to_CBD_14,14
T00052,12:58:18,12:58:36,Trunk_Buiucani_to_CBD_15,15
T00053,12:48:00,12:48:18,Trunk_Buiucani_to_CBD_1,1
T00053,12:49:07,12:49:25,Trunk_Buiucani_to_CBD_2,2
T00053,12:50:31,12:50:49,Trunk_Buiucani_to_CBD_3,3
T00053,12:51:54,12:52:12,Trunk_Buiucani_to_CBD_4,4
T00053,12:53:17,12:53:35,Trunk_Buiucani_to_CBD_5,5
T00053,12:54:36,12:54:54,Trunk_Buiucani_to_CBD_6,6
T00053,12:55:51,12:56:09,Trunk_Buiucani_to_CBD_7,7
T00053,12:57:14,12:57:32,Trunk_Buiucani_to_CBD_8,8
T00053,12:58:37,12:58:55,Trunk_Buiucani_to_CBD_9,9
T00053,12:59:59,13:00:17,Trunk_Buiucani_to_CBD_10,10
T00053,13:01:22,13:01:40,Trunk_Buiucani_to_CBD_11,11
T00053,13:02:29,13:02:47,Trunk_Buiucani_to_CBD_12,12
T00053,13:03:52,13:04:10,Trunk_Buiucani_to_CBD_13,13
T00053,13:05:02,13:05:20,Trunk_Buiucani_to_CBD_14,14
T00053,13:06:18,13:06:36,Trunk_Buiucani_to_CBD_15,15
T00054,12:56:00,12:56:18,Trunk_Buiucani_to_CBD_1,1
T00054,12:57:07,12:57:25,Trunk_Buiucani_to_CBD_2,2
T00054,12:58:31,12:58:49,Trunk_Buiucani_to_CBD_3,3
T00054,12:59:54,13:00:12,Trunk_Buiucani_to_CBD_4,4
T00054,13:01:17,13:01:35,Trunk_Buiucani_to_CBD_5,5
T00054,13:02:36,13:02:54,Trunk_Buiucani_to_CBD_6,6
T00054,13:03:51,13:04:09,Trunk_Buiucani_to_CBD_7,7
T00054,13:05:14,13:05:32,Trunk_Buiucani_to_CBD_8,8
T00054,13:06:37,13:06:55,Trunk_Buiucani_to_CBD_9,9
T00054,13:07:59,13:08:17,Trunk_Buiucani_to_CBD_10,10
T00054,13:09:22,13:09:40,Trunk_Buiucani_to_CBD_11,11
T00054,13:10:29,13:10:47,Trunk_Buiucani_to_CBD_12,12
T00054,13:11:52,13:12:10,Trunk_Buiucani_to_CBD_13,13
T00054,13:13:02,13:13:20,Trunk_Buiucani_to_CBD_14,14
T00054,13:14:18,13:14:36,Trunk_Buiucani_to_CBD_15,15
T00055,13:04:00,13:04:18,Trunk_Buiucani_to_CBD_1,1
T00055,13:05:07,13:05:25,Trunk_Buiucani_to_CBD_2,2
T00055,13:06:31,13:06:49,Trunk_Buiucani_to_CBD_3,3
T00055,13:07:54,13:08:12,Trunk_Buiucani_to_CBD_4,4
T00055,13:09:17,13:09:35,Trunk_Buiucani_to_CBD_5,5
T00055,13:10:36,13:10:54,Trunk_Buiucani_to_CBD_6,6
T00055,13:11:51,13:12:09,Trunk_Buiucani_to_CBD_7,7
T00055,13:13:14,13:13:32,Trunk_Buiucani_to_CBD_8,8
T00055,13:14:37,13:14:55,Trunk_Buiucani_to_CBD_9,9
T00055,13:15:59,13:16:17,Trunk_Buiucani_to_CBD_10,10
T00055,13:17:22,13:17:40,Trunk_Buiucani_to_CBD_11,11
T00055,13:18:29,13:18:47,Trunk_Buiucani_to_CBD_12,12
T00055,13:19:52,13:20:10,Trunk_Buiucani_to_CBD_13,13
T00055,13:21:02,13:21:20,Trunk_Buiucani_to_CBD_14,14
T00055,13:22:18,13:22:36,Trunk_Buiucani_to_CBD_15,15
T00056,13:14:00,13:14:18,Trunk_Buiucani_to_CBD_1,1
T00056,13:15:07,13:15:25,Trunk_Buiucani_to_CBD_2,2
T00056,13:16:31,13:16:49,Trunk_Buiucani_to_CBD_3,3
T00056,13:17:54,13:18:12,Trunk_Buiucani_to_CBD_4,4
T00056,13:19:17,13:19:35,Trunk_Buiucani_to_CBD_5,5
T00056,13:20:36,13:20:54,Trunk_Buiucani_to_CBD_6,6
T00056,13:21:51,13:22:09,Trunk_Buiucani_to_CBD_7,7
T00056,13:23:14,13:23:32,Trunk_Buiucani_to_CBD_8,8
T00056,13:24:37,13:24:55,Trunk_Buiucani_to_CBD_9,9
T00056,13:25:59,13:26:17,Trunk_Buiucani_to_CBD_10,10
T00056,13:27:22,13:27:40,Trunk_Buiucani_to_CBD_11,11
T00056,13:28:29,13:28:47,Trunk_Buiucani_to_CBD_12,12
T00056,13:29:52,13:30:10,Trunk_Buiucani_to_CBD_13,13
T00056,13:31:02,13:31:20,Trunk_Buiucani_to_CBD_14,14
T00056,13:32:18,13:32:36,Trunk_Buiucani_to_CBD_15,15
T00057,13:24:00,13:24:18,Trunk_Buiucani_to_CBD_1,1
T00057,13:25:07,13:25:25,Trunk_Buiucani_to_CBD_2,2
T00057,13:26:31,13:26:49,Trunk_Buiucani_to_CBD_3,3
T00057,13:27:54,13:28:12,Trunk_Buiucani_to_CBD_4,4
T00057,13:29:17,13:29:35,Trunk_Buiucani_to_CBD_5,5
T00057,13:30:36,13:30:54,Trunk_Buiucani_to_CBD_6,6
T00057,13:31:51,13:32:09,Trunk_Buiucani_to_CBD_7,7
T00057,13:33:14,13:33:32,Trunk_Buiucani_to_CBD_8,8
T00057,13:34:37,13:34:55,Trunk_Buiucani_to_CBD_9,9
T00057,13:35:59,13:36:17,Trunk_Buiucani_to_CBD_10,10
T00057,13:37:22,13:37:40,Trunk_Buiucani_to_CBD_11,11
T00057,13:38:29,13:38:47,Trunk_Buiucani_to_CBD_12,12
T00057,13:39:52,13:40:10,Trunk_Buiucani_to_CBD_13,13
T00057,13:41:02,13:41:20,Trunk_Buiucani_to_CBD_14,14
T00057,13:42:18,13:42:36,Trunk_Buiucani_to_CBD_15,15
T00058,13:34:00,13:34:18,Trunk_Buiucani_to_CBD_1,1
T00058,13:35:07,13:35:25,Trunk_Buiucani_to_CBD_2,2
T00058,13:36:31,13:36:49,Trunk_Buiucani_to_CBD_3,3
T00058,13:37:54,13:38:12,Trunk_Buiucani_to_CBD_4,4
T00058,13:39:17,13:39:35,Trunk_Buiucani_to_CBD_5,5
T00058,13:40:36,13:40:54,Trunk_Buiucani_to_CBD_6,6
T00058,13:41:51,13:42:09,Trunk_Buiucani_to_CBD_7,7
T00058,13:43:14,13:43:32,Trunk_Buiucani_to_CBD_8,8
T00058,13:44:37,13:44:55,Trunk_Buiucani_to_CBD_9,9
T00058,13:45:59,13:46:17,Trunk_Buiucani_to_CBD_10,10
T00058,13:47:22,13:47:40,Trunk_Buiucani_to_CBD_11,11
T00058,13:48:29,13:48:47,Trunk_Buiucani_to_CBD_12,12
T00058,13:49:52,13:50:10,Trunk_Buiucani_to_CBD_13,13
T00058,13:51:02,13:51:20,Trunk_Buiucani_to_CBD_14,14
T00058,13:52:18,13:52:36,Trunk_Buiucani_to_CBD_15,15
T00059,13:44:00,13:44:18,Trunk_Buiucani_to_CBD_1,1
T00059,13:45:07,13:45:25,Trunk_Buiucani_to_CBD_2,2
T00059,13:46:31,13:46:49,Trunk_Buiucani_to_CBD_3,3
T00059,13:47:54,13:48:12,Trunk_Buiucani_to_CBD_4,4
T00059,13:49:17,13:49:35,Trunk_Buiucani_to_CBD_5,5
T00059,13:50:36,13:50:54,Trunk_Buiucani_to_CBD_6,6
T00059,13:51:51,13:52:09,Trunk_Buiucani_to_CBD_7,7
T00059,13:53:14,13:53:32,Trunk_Buiucani_to_CBD_8,8
T00059,13:54:37,13:54:55,Trunk_Buiucani_to_CBD_9,9
T00059,13:55:59,13:56:17,Trunk_Buiucani_to_CBD_10,10
T00059,13:57:22,13:57:40,Trunk_Buiucani_to_CBD_11,11
T00059,13:58:29,13:58:47,Trunk_Buiucani_to_CBD_12,12
T00059,13:59:52,14:00:10,Trunk_Buiucani_to_CBD_13,13
T00059,14:01:02,14:01:20,Trunk_Buiucani_to_CBD_14,14
T00059,14:02:18,14:02:36,Trunk_Buiucani_to_CBD_15,15
T00060,13:54:00,13:54:18,Trunk_Buiucani_to_CBD_1,1
T00060,13:55:07,13:55:25,Trunk_Buiucani_to_CBD_2,2
T00060,13:56:31,13:56:49,Trunk_Buiucani_to_CBD_3,3
T00060,13:57:54,13:58:12,Trunk_Buiucani_to_CBD_4,4
T00060,13:59:17,13:59:35,Trunk_Buiucani_to_CBD_5,5
T00060,14:00:36,14:00:54,Trunk_Buiucani_to_CBD_6,6
T00060,14:01:51,14:02:09,Trunk_Buiucani_to_CBD_7,7
T00060,14:03:14,14:03:32,Trunk_Buiucani_to_CBD_8,8
T00060,14:04:37,14:04:55,Trunk_Buiucani_to_CBD_9,9
T00060,14:05:59,14:06:17,Trunk_Buiucani_to_CBD_10,10
T00060,14:07:22,14:07:40,Trunk_Buiucani_to_CBD_11,11
T00060,14:08:29,14:08:47,Trunk_Buiucani_to_CBD_12,12
T00060,14:09:52,14:10:10,Trunk_Buiucani_to_CBD_13,13
T00060,14:11:02,14:11:20,Trunk_Buiucani_to_CBD_14,14
T00060,14:12:18,14:12:36,Trunk_Buiucani_to_CBD_15,15
T00061,14:04:00,14:04:18,Trunk_Buiucani_to_CBD_1,1
T00061,14:05:07,14:05:25,Trunk_Buiucani_to_CBD_2,2
T00061,14:06:31,14:06:49,Trunk_Buiucani_to_CBD_3,3
T00061,14:07:54,14:08:12,Trunk_Buiucani_to_CBD_4,4
T00061,14:09:17,14:09:35,Trunk_Buiucani_to_CBD_5,5
T00061,14:10:36,14:10:54,Trunk_Buiucani_to_CBD_6,6
T00061,14:11:51,14:12:09,Trunk_Buiucani_to_CBD_7,7
T00061,14:13:14,14:13:32,Trunk_Buiucani_to_CBD_8,8
T00061,14:14:37,14:14:55,Trunk_Buiucani_to_CBD_9,9
T00061,14:15:59,14:16:17,Trunk_Buiucani_to_CBD_10,10
T00061,14:17:22,14:17:40,Trunk_Buiucani_to_CBD_11,11
T00061,14:18:29,14:18:47,Trunk_Buiucani_to_CBD_12,12
T00061,14:19:52,14:20:10,Trunk_Buiucani_to_CBD_13,13
T00061,14:21:02,14:21:20,Trunk_Buiucani_to_CBD_14,14
T00061,14:22:18,14:22:36,Trunk_Buiucani_to_CBD_15,15
T00062,14:16:00,14:16:18,Trunk_Buiucani_to_CBD_1,1
T00062,14:17:07,14:17:25,Trunk_Buiucani_to_CBD_2,2
T00062,14:18:31,14:18:49,Trunk_Buiucani_to_CBD_3,3
T00062,14:19:54,14:20:12,Trunk_Buiucani_to_CBD_4,4
T00062,14:21:17,14:21:35,Trunk_Buiucani_to_CBD_5,5
T00062,14:22:36,14:22:54,Trunk_Buiucani_to_CBD_6,6
T00062,14:23:51,14:24:09,Trunk_Buiucani_to_CBD_7,7
T00062,14:25:14,14:25:32,Trunk_Buiucani_to_CBD_8,8
T00062,14:26:37,14:26:55,Trunk_Buiucani_to_CBD_9,9
T00062,14:27:59,14:28:17,Trunk_Buiucani_to_CBD_10,10
T00062,14:29:22,14:29:40,Trunk_Buiucani_to_CBD_11,11
T00062,14:30:29,14:30:47,Trunk_Buiucani_to_CBD_12,12
T00062,14:31:52,14:32:10,Trunk_Buiucani_to_CBD_13,13
T00062,14:33:02,14:33:20,Trunk_Buiucani_to_CBD_14,14
T00062,14:34:18,14:34:36,Trunk_Buiucani_to_CBD_15,15
T00063,14:28:00,14:28:18,Trunk_Buiucani_to_CBD_1,1
T00063,14:29:07,14:29:25,Trunk_Buiucani_to_CBD_2,2
T00063,14:30:31,14:30:49,Trunk_Buiucani_to_CBD_3,3
T00063,14:31:54,14:32:12,Trunk_Buiucani_to_CBD_4,4
T00063,14:33:17,14:33:35,Trunk_Buiucani_to_CBD_5,5
T00063,14:34:36,14:34:54,Trunk_Buiucani_to_CBD_6,6
T00063,14:35:51,14:36:09,Trunk_Buiucani_to_CBD_7,7
T00063,14:37:14,14:37:32,Trunk_Buiucani_to_CBD_8,8
T00063,14:38:37,14:38:55,Trunk_Buiucani_to_CBD_9,9
T00063,14:39:59,14:40:17,Trunk_Buiucani_to_CBD_10,10
T00063,14:41:22,14:41:40,Trunk_Buiucani_to_CBD_11,11
T00063,14:42:29,14:42:47,Trunk_Buiucani_to_CBD_12,12
T00063,14:43:52,14:44:10,Trunk_Buiucani_to_CBD_13,13
T00063,14:45:02,14:45:20,Trunk_Buiucani_to_CBD_14,14
T00063,14:46:18,14:46:36,Trunk_Buiucani_to_CBD_15,15
T00064,14:40:00,14:40:18,Trunk_Buiucani_to_CBD_1,1
T00064,14:41:07,14:41:25,Trunk_Buiucani_to_CBD_2,2
T00064,14:42:31,14:42:49,Trunk_Buiucani_to_CBD_3,3
T00064,14:43:54,14:44:12,Trunk_Buiucani_to_CBD_4,4
T00064,14:45:17,14:45:35,Trunk_Buiucani_to_CBD_5,5
T00064,14:46:36,14:46:54,Trunk_Buiucani_to_CBD_6,6
T00064,14:47:51,14:48:09,Trunk_Buiucani_to_CBD_7,7
T00064,14:49:14,14:49:32,Trunk_Buiucani_to_CBD_8,8
T00064,14:50:37,14:50:55,Trunk_Buiucani_to_CBD_9,9
T00064,14:51:59,14:52:17,Trunk_Buiucani_to_CBD_10,10
T00064,14:53:22,14:53:40,Trunk_Buiucani_to_CBD_11,11
T00064,14:54:29,14:54:47,Trunk_Buiucani_to_CBD_12,12
T00064,14:55:52,14:56:10,Trunk_Buiucani_to_CBD_13,13
T00064,14:57:02,14:57:20,Trunk_Buiucani_to_CBD_14,14
T00064,14:58:18,14:58:36,Trunk_Buiucani_to_CBD_15,15
T00065,14:52:00,14:52:18,Trunk_Buiucani_to_CBD_1,1
T00065,14:53:07,14:53:25,Trunk_Buiucani_to_CBD_2,2
T00065,14:54:31,14:54:49,Trunk_Buiucani_to_CBD_3,3
T00065,14:55:54,14:56:12,Trunk_Buiucani_to_CBD_4,4
T00065,14:57:17,14:57:35,Trunk_Buiucani_to_CBD_5,5
T00065,14:58:36,14:58:54,Trunk_Buiucani_to_CBD_6,6
T00065,14:59:51,15:00:09,Trunk_Buiucani_to_CBD_7,7
T00065,15:01:14,15:01:32,Trunk_Buiucani_to_CBD_8,8
T00065,15:02:37,15:02:55,Trunk_Buiucani_to_CBD_9,9
T00065,15:03:59,15:04:17,Trunk_Buiucani_to_CBD_10,10
T00065,15:05:22,15:05:40,Trunk_Buiucani_to_CBD_11,11
T00065,15:06:29,15:06:47,Trunk_Buiucani_to_CBD_12,12
T00065,15:07:52,15:08:10,Trunk_Buiucani_to_CBD_13,13
T00065,15:09:02,15:09:20,Trunk_Buiucani_to_CBD_14,14
T00065,15:10:18,15:10:36,Trunk_Buiucani_to_CBD_15,15
T00066,15:04:00,15:04:18,Trunk_Buiucani_to_CBD_1,1
T00066,15:05:07,15:05:25,Trunk_Buiucani_to_CBD_2,2
T00066,15:06:31,15:06:49,Trunk_Buiucani_to_CBD_3,3
T00066,15:07:54,15:08:12,Trunk_Buiucani_to_CBD_4,4
T00066,15:09:17,15:09:35,Trunk_Buiucani_to_CBD_5,5
T00066,15:10:36,15:10:54,Trunk_Buiucani_to_CBD_6,6
T00066,15:11:51,15:12:09,Trunk_Buiucani_to_CBD_7,7
T00066,15:13:14,15:13:32,Trunk_Buiucani_to_CBD_8,8
T00066,15:14:37,15:14:55,Trunk_Buiucani_to_CBD_9,9
T00066,15:15:59,15:16:17,Trunk_Buiucani_to_CBD_10,10
T00066,15:17:22,15:17:40,Trunk_Buiucani_to_CBD_11,11
T00066,15:18:29,15:18:47,Trunk_Buiucani_to_CBD_12,12
T00066,15:19:52,15:20:10,Trunk_Buiucani_to_CBD_13,13
T00066,15:21:02,15:21:20,Trunk_Buiucani_to_CBD_14,14
T00066,15:22:18,15:22:36,Trunk_Buiucani_to_CBD_15,15
T00067,15:16:00,15:16:18,Trunk_Buiucani_to_CBD_1,1
T00067,15:17:07,15:17:25,Trunk_Buiucani_to_CBD_2,2
T00067,15:18:31,15:18:49,Trunk_Buiucani_to_CBD_3,3
T00067,15:19:54,15:20:12,Trunk_Buiucani_to_CBD_4,4
T00067,15:21:17,15:21:35,Trunk_Buiucani_to_CBD_5,5
T00067,15:22:36,15:22:54,Trunk_Buiucani_to_CBD_6,6
T00067,15:23:51,15:24:09,Trunk_Buiucani_to_CBD_7,7
T00067,15:25:14,15:25:32,Trunk_Buiucani_to_CBD_8,8
T00067,15:26:37,15:26:55,Trunk_Buiucani_to_CBD_9,9
T00067,15:27:59,15:28:17,Trunk_Buiucani_to_CBD_10,10
T00067,15:29:22,15:29:40,Trunk_Buiucani_to_CBD_11,11
T00067,15:30:29,15:30:47,Trunk_Buiucani_to_CBD_12,12
T00067,15:31:52,15:32:10,Trunk_Buiucani_to_CBD_13,13
T00067,15:33:02,15:33:20,Trunk_Buiucani_to_CBD_14,14
T00067,15:34:18,15:34:36,Trunk_Buiucani_to_CBD_15,15
T00068,15:28:00,15:28:18,Trunk_Buiucani_to_CBD_1,1
T00068,15:29:07,15:29:25,Trunk_Buiucani_to_CBD_2,2
T00068,15:30:31,15:30:49,Trunk_Buiucani_to_CBD_3,3
T00068,15:31:54,15:32:12,Trunk_Buiucani_to_CBD_4,4
T00068,15:33:17,15:33:35,Trunk_Buiucani_to_CBD_5,5
T00068,15:34:36,15:34:54,Trunk_Buiucani_to_CBD_6,6
T00068,15:35:51,15:36:09,Trunk_Buiucani_to_CBD_7,7
T00068,15:37:14,15:37:32,Trunk_Buiucani_to_CBD_8,8
T00068,15:38:37,15:38:55,Trunk_Buiucani_to_CBD_9,9
T00068,15:39:59,15:40:17,Trunk_Buiucani_to_CBD_10,10
T00068,15:41:22,15:41:40,Trunk_Buiucani_to_CBD_11,11
T00068,15:42:29,15:42:47,Trunk_Buiucani_to_CBD_12,12
T00068,15:43:52,15:44:10,Trunk_Buiucani_to_CBD_13,13
T00068,15:45:02,15:45:20,Trunk_Buiucani_to_CBD_14,14
T00068,15:46:18,15:46:36,Trunk_Buiucani_to_CBD_15,15
T00069,15:40:00,15:40:18,Trunk_Buiucani_to_CBD_1,1
T00069,15:41:07,15:41:25,Trunk_Buiucani_to_CBD_2,2
T00069,15:42:31,15:42:49,Trunk_Buiucani_to_CBD_3,3
T00069,15:43:54,15:44:12,Trunk_Buiucani_to_CBD_4,4
T00069,15:45:17,15:45:35,Trunk_Buiucani_to_CBD_5,5
T00069,15:46:36,15:46:54,Trunk_Buiucani_to_CBD_6,6
T00069,15:47:51,15:48:09,Trunk_Buiucani_to_CBD_7,7
T00069,15:49:14,15:49:32,Trunk_Buiucani_to_CBD_8,8
T00069,15:50:37,15:50:55,Trunk_Buiucani_to_CBD_9,9
T00069,15:51:59,15:52:17,Trunk_Buiucani_to_CBD_10,10
T00069,15:53:22,15:53:40,Trunk_Buiucani_to_CBD_11,11
T00069,15:54:29,15:54:47,Trunk_Buiucani_to_CBD_12,12
T00069,15:55:52,15:56:10,Trunk_Buiucani_to_CBD_13,13
T00069,15:57:02,15:57:20,Trunk_Buiucani_to_CBD_14,14
T00069,15:58:18,15:58:36,Trunk_Buiucani_to_CBD_15,15
T00070,15:52:00,15:52:18,Trunk_Buiucani_to_CBD_1,1
T00070,15:53:07,15:53:25,Trunk_Buiucani_to_CBD_2,2
T00070,15:54:31,15:54:49,Trunk_Buiucani_to_CBD_3,3
T00070,15:55:54,15:56:12,Trunk_Buiucani_to_CBD_4,4
T00070,15:57:17,15:57:35,Trunk_Buiucani_to_CBD_5,5
T00070,15:58:36,15:58:54,Trunk_Buiucani_to_CBD_6,6
T00070,15:59:51,16:00:09,Trunk_Buiucani_to_CBD_7,7
T00070,16:01:14,16:01:32,Trunk_Buiucani_to_CBD_8,8
T00070,16:02:37,16:02:55,Trunk_Buiucani_to_CBD_9,9
T00070,16:03:59,16:04:17,Trunk_Buiucani_to_CBD_10,10
T00070,16:05:22,16:05:40,Trunk_Buiucani_to_CBD_11,11
T00070,16:06:29,16:06:47,Trunk_Buiucani_to_CBD_12,12
T00070,16:07:52,16:08:10,Trunk_Buiucani_to_CBD_13,13
T00070,16:09:02,16:09:20,Trunk_Buiucani_to_CBD_14,14
T00070,16:10:18,16:10:36,Trunk_Buiucani_to_CBD_15,15
T00071,16:04:00,16:04:18,Trunk_Buiucani_to_CBD_1,1
T00071,16:05:07,16:05:25,Trunk_Buiucani_to_CBD_2,2
T00071,16:06:31,16:06:49,Trunk_Buiucani_to_CBD_3,3
T00071,16:07:54,16:08:12,Trunk_Buiucani_to_CBD_4,4
T00071,16:09:17,16:09:35,Trunk_Buiucani_to_CBD_5,5
T00071,16:10:36,16:10:54,Trunk_Buiucani_to_CBD_6,6
T00071,16:11:51,16:12:09,Trunk_Buiucani_to_CBD_7,7
T00071,16:13:14,16:13:32,Trunk_Buiucani_to_CBD_8,8
T00071,16:14:37,16:14:55,Trunk_Buiucani_to_CBD_9,9
T00071,16:15:59,16:16:17,Trunk_Buiucani_to_CBD_10,10
T00071,16:17:22,16:17:40,Trunk_Buiucani_to_CBD_11,11
T00071,16:18:29,16:18:47,Trunk_Buiucani_to_CBD_12,12
T00071,16:19:52,16:20:10,Trunk_Buiucani_to_CBD_13,13
T00071,16:21:02,16:21:20,Trunk_Buiucani_to_CBD_14,14
T00071,16:22:18,16:22:36,Trunk_Buiucani_to_CBD_15,15
T00072,16:12:00,16:12:18,Trunk_Buiucani_to_CBD_1,1
T00072,16:13:07,16:13:25,Trunk_Buiucani_to_CBD_2,2
T00072,16:14:31,16:14:49,Trunk_Buiucani_to_CBD_3,3
T00072,16:15:54,16:16:12,Trunk_Buiucani_to_CBD_4,4
T00072,16:17:17,16:17:35,Trunk_Buiucani_to_CBD_5,5
T00072,16:18:36,16:18:54,Trunk_Buiucani_to_CBD_6,6
T00072,16:19:51,16:20:09,Trunk_Buiucani_to_CBD_7,7
T00072,16:21:14,16:21:32,Trunk_Buiucani_to_CBD_8,8
T00072,16:22:37,16:22:55,Trunk_Buiucani_to_CBD_9,9
T00072,16:23:59,16:24:17,Trunk_Buiucani_to_CBD_10,10
T00072,16:25:22,16:25:40,Trunk_Buiucani_to_CBD_11,11
T00072,16:26:29,16:26:47,Trunk_Buiucani_to_CBD_12,12
T00072,16:27:52,16:28:10,Trunk_Buiucani_to_CBD_13,13
T00072,16:29:02,16:29:20,Trunk_Buiucani_to_CBD_14,14
T00072,16:30:18,16:30:36,Trunk_Buiucani_to_CBD_15,15
T00073,16:20:00,16:20:18,Trunk_Buiucani_to_CBD_1,1
T00073,16:21:07,16:21:25,Trunk_Buiucani_to_CBD_2,2
T00073,16:22:31,16:22:49,Trunk_Buiucani_to_CBD_3,3
T00073,16:23:54,16:24:12,Trunk_Buiucani_to_CBD_4,4
T00073,16:25:17,16:25:35,Trunk_Buiucani_to_CBD_5,5
T00073,16:26:36,16:26:54,Trunk_Buiucani_to_CBD_6,6
T00073,16:27:51,16:28:09,Trunk_Buiucani_to_CBD_7,7
T00073,16:29:14,16:29:32,Trunk_Buiucani_to_CBD_8,8
T00073,16:30:37,16:30:55,Trunk_Buiucani_to_CBD_9,9
T00073,16:31:59,16:32:17,Trunk_Buiucani_to_CBD_10,10
T00073,16:33:22,16:33:40,Trunk_Buiucani_to_CBD_11,11
T00073,16:34:29,16:34:47,Trunk_Buiucani_to_CBD_12,12
T00073,16:35:52,16:36:10,Trunk_Buiucani_to_CBD_13,13
T00073,16:37:02,16:37:20,Trunk_Buiucani_to_CBD_14,14
T00073,16:38:18,16:38:36,Trunk_Buiucani_to_CBD_15,15
T00074,16:28:00,16:28:18,Trunk_Buiucani_to_CBD_1,1
T00074,16:29:07,16:29:25,Trunk_Buiucani_to_CBD_2,2
T00074,16:30:31,16:30:49,Trunk_Buiucani_to_CBD_3,3
T00074,16:31:54,16:32:12,Trunk_Buiucani_to_CBD_4,4
T00074,16:33:17,16:33:35,Trunk_Buiucani_to_CBD_5,5
T00074,16:34:36,16:34:54,Trunk_Buiucani_to_CBD_6,6
T00074,16:35:51,16:36:09,Trunk_Buiucani_to_CBD_7,7
T00074,16:37:14,16:37:32,Trunk_Buiucani_to_CBD_8,8
T00074,16:38:37,16:38:55,Trunk_Buiucani_to_CBD_9,9
T00074,16:39:59,16:40:17,Trunk_Buiucani_to_CBD_10,10
T00074,16:41:22,16:41:40,Trunk_Buiucani_to_CBD_11,11
T00074,16:42:29,16:42:47,Trunk_Buiucani_to_CBD_12,12
T00074,16:43:52,16:44:10,Trunk_Buiucani_to_CBD_13,13
T00074,16:45:02,16:45:20,Trunk_Buiucani_to_CBD_14,14
T00074,16:46:18,16:46:36,Trunk_Buiucani_to_CBD_15,15
T00075,16:36:00,16:36:18,Trunk_Buiucani_to_CBD_1,1
T00075,16:37:07,16:37:25,Trunk_Buiucani_to_CBD_2,2
T00075,16:38:31,16:38:49,Trunk_Buiucani_to_CBD_3,3
T00075,16:39:54,16:40:12,Trunk_Buiucani_to_CBD_4,4
T00075,16:41:17,16:41:35,Trunk_Buiucani_to_CBD_5,5
T00075,16:42:36,16:42:54,Trunk_Buiucani_to_CBD_6,6
T00075,16:43:51,16:44:09,Trunk_Buiucani_to_CBD_7,7
T00075,16:45:14,16:45:32,Trunk_Buiucani_to_CBD_8,8
T00075,16:46:37,16:46:55,Trunk_Buiucani_to_CBD_9,9
T00075,16:47:59,16:48:17,Trunk_Buiucani_to_CBD_10,10
T00075,16:49:22,16:49:40,Trunk_Buiucani_to_CBD_11,11
T00075,16:50:29,16:50:47,Trunk_Buiucani_to_CBD_12,12
T00075,16:51:52,16:52:10,Trunk_Buiucani_to_CBD_13,13
T00075,16:53:02,16:53:20,Trunk_Buiucani_to_CBD_14,14
T00075,16:54:18,16:54:36,Trunk_Buiucani_to_CBD_15,15
T00076,16:44:00,16:44:18,Trunk_Buiucani_to_CBD_1,1
T00076,16:45:07,16:45:25,Trunk_Buiucani_to_CBD_2,2
T00076,16:46:31,16:46:49,Trunk_Buiucani_to_CBD_3,3
T00076,16:47:54,16:48:12,Trunk_Buiucani_to_CBD_4,4
T00076,16:49:17,16:49:35,Trunk_Buiucani_to_CBD_5,5
T00076,16:50:36,16:50:54,Trunk_Buiucani_to_CBD_6,6
T00076,16:51:51,16:52:09,Trunk_Buiucani_to_CBD_7,7
T00076,16:53:14,16:53:32,Trunk_Buiucani_to_CBD_8,8
T00076,16:54:37,16:54:55,Trunk_Buiucani_to_CBD_9,9
T00076,16:55:59,16:56:17,Trunk_Buiucani_to_CBD_10,10
T00076,16:57:22,16:57:40,Trunk_Buiucani_to_CBD_11,11
T00076,16:58:29,16:58:47,Trunk_Buiucani_to_CBD_12,12
T00076,16:59:52,17:00:10,Trunk_Buiucani_to_CBD_13,13
T00076,17:01:02,17:01:20,Trunk_Buiucani_to_CBD_14,14
T00076,17:02:18,17:02:36,Trunk_Buiucani_to_CBD_15,15
T00077,16:52:00,16:52:18,Trunk_Buiucani_to_CBD_1,1
T00077,16:53:07,16:53:25,Trunk_Buiucani_to_CBD_2,2
T00077,16:54:31,16:54:49,Trunk_Buiucani_to_CBD_3,3
T00077,16:55:54,16:56:12,Trunk_Buiucani_to_CBD_4,4
T00077,16:57:17,16:57:35,Trunk_Buiucani_to_CBD_5,5
T00077,16:58:36,16:58:54,Trunk_Buiucani_to_CBD_6,6
T00077,16:59:51,17:00:09,Trunk_Buiucani_to_CBD_7,7
T00077,17:01:14,17:01:32,Trunk_Buiucani_to_CBD_8,8
T00077,17:02:37,17:02:55,Trunk_Buiucani_to_CBD_9,9
T00077,17:03:59,17:04:17,Trunk_Buiucani_to_CBD_10,10
T00077,17:05:22,17:05:40,Trunk_Buiucani_to_CBD_11,11
T00077,17:06:29,17:06:47,Trunk_Buiucani_to_CBD_12,12
T00077,17:07:52,17:08:10,Trunk_Buiucani_to_CBD_13,13
T00077,17:09:02,17:09:20,Trunk_Buiucani_to_CBD_14,14
T00077,17:10:18,17:10:36,Trunk_Buiucani_to_CBD_15,15
T00078,17:00:00,17:00:18,Trunk_Buiucani_to_CBD_1,1
T00078,17:01:07,17:01:25,Trunk_Buiucani_to_CBD_2,2
T00078,17:02:31,17:02:49,Trunk_Buiucani_to_CBD_3,3
T00078,17:03:54,17:04:12,Trunk_Buiucani_to_CBD_4,4
T00078,17:05:17,17:05:35,Trunk_Buiucani_to_CBD_5,5
T00078,17:06:36,17:06:54,Trunk_Buiucani_to_CBD_6,6
T00078,17:07:51,17:08:09,Trunk_Buiucani_to_CBD_7,7
T00078,17:09:14,17:09:32,Trunk_Buiucani_to_CBD_8,8
T00078,17:10:37,17:10:55,Trunk_Buiucani_to_CBD_9,9
T00078,17:11:59,17:12:17,Trunk_Buiucani_to_CBD_10,10
T00078,17:13:22,17:13:40,Trunk_Buiucani_to_CBD_11,11
T00078,17:14:29,17:14:47,Trunk_Buiucani_to_CBD_12,12
T00078,17:15:52,17:16:10,Trunk_Buiucani_to_CBD_13,13
T00078,17:17:02,17:17:20,Trunk_Buiucani_to_CBD_14,14
T00078,17:18:18,17:18:36,Trunk_Buiucani_to_CBD_15,15
T00079,17:08:00,17:08:18,Trunk_Buiucani_to_CBD_1,1
T00079,17:09:07,17:09:25,Trunk_Buiucani_to_CBD_2,2
T00079,17:10:31,17:10:49,Trunk_Buiucani_to_CBD_3,3
T00079,17:11:54,17:12:12,Trunk_Buiucani_to_CBD_4,4
T00079,17:13:17,17:13:35,Trunk_Buiucani_to_CBD_5,5
T00079,17:14:36,17:14:54,Trunk_Buiucani_to_CBD_6,6
T00079,17:15:51,17:16:09,Trunk_Buiucani_to_CBD_7,7
T00079,17:17:14,17:17:32,Trunk_Buiucani_to_CBD_8,8
T00079,17:18:37,17:18:55,Trunk_Buiucani_to_CBD_9,9
T00079,17:19:59,17:20:17,Trunk_Buiucani_to_CBD_10,10
T00079,17:21:22,17:21:40,Trunk_Buiucani_to_CBD_11,11
T00079,17:22:29,17:22:47,Trunk_Buiucani_to_CBD_12,12
T00079,17:23:52,17:24:10,Trunk_Buiucani_to_CBD_13,13
T00079,17:25:02,17:25:20,Trunk_Buiucani_to_CBD_14,14
T00079,17:26:18,17:26:36,Trunk_Buiucani_to_CBD_15,15
T00080,17:16:00,17:16:18,Trunk_Buiucani_to_CBD_1,1
T00080,17:17:07,17:17:25,Trunk_Buiucani_to_CBD_2,2
T00080,17:18:31,17:18:49,Trunk_Buiucani_to_CBD_3,3
T00080,17:19:54,17:20:12,Trunk_Buiucani_to_CBD_4,4
T00080,17:21:17,17:21:35,Trunk_Buiucani_to_CBD_5,5
T00080,17:22:36,17:22:54,Trunk_Buiucani_to_CBD_6,6
T00080,17:23:51,17:24:09,Trunk_Buiucani_to_CBD_7,7
T00080,17:25:14,17:25:32,Trunk_Buiucani_to_CBD_8,8
T00080,17:26:37,17:26:55,Trunk_Buiucani_to_CBD_9,9
T00080,17:27:59,17:28:17,Trunk_Buiucani_to_CBD_10,10
T00080,17:29:22,17:29:40,Trunk_Buiucani_to_CBD_11,11
T00080,17:30:29,17:30:47,Trunk_Buiucani_to_CBD_12,12
T00080,17:31:52,17:32:10,Trunk_Buiucani_to_CBD_13,13
T00080,17:33:02,17:33:20,Trunk_Buiucani_to_CBD_14,14
T00080,17:34:18,17:34:36,Trunk_Buiucani_to_CBD_15,15
T00081,17:24:00,17:24:18,Trunk_Buiucani_to_CBD_1,1
T00081,17:25:07,17:25:25,Trunk_Buiucani_to_CBD_2,2
T00081,17:26:31,17:26:49,Trunk_Buiucani_to_CBD_3,3
T00081,17:27:54,17:28:12,Trunk_Buiucani_to_CBD_4,4
T00081,17:29:17,17:29:35,Trunk_Buiucani_to_CBD_5,5
T00081,17:30:36,17:30:54,Trunk_Buiucani_to_CBD_6,6
T00081,17:31:51,17:32:09,Trunk_Buiucani_to_CBD_7,7
T00081,17:33:14,17:33:32,Trunk_Buiucani_to_CBD_8,8
T00081,17:34:37,17:34:55,Trunk_Buiucani_to_CBD_9,9
T00081,17:35:59,17:36:17,Trunk_Buiucani_to_CBD_10,10
T00081,17:37:22,17:37:40,Trunk_Buiucani_to_CBD_11,11
T00081,17:38:29,17:38:47,Trunk_Buiucani_to_CBD_12,12
T00081,17:39:52,17:40:10,Trunk_Buiucani_to_CBD_13,13
T00081,17:41:02,17:41:20,Trunk_Buiucani_to_CBD_14,14
T00081,17:42:18,17:42:36,Trunk_Buiucani_to_CBD_15,15
T00082,17:32:00,17:32:18,Trunk_Buiucani_to_CBD_1,1
T00082,17:33:07,17:33:25,Trunk_Buiucani_to_CBD_2,2
T00082,17:34:31,17:34:49,Trunk_Buiucani_to_CBD_3,3
T00082,17:35:54,17:36:12,Trunk_Buiucani_to_CBD_4,4
T00082,17:37:17,17:37:35,Trunk_Buiucani_to_CBD_5,5
T00082,17:38:36,17:38:54,Trunk_Buiucani_to_CBD_6,6
T00082,17:39:51,17:40:09,Trunk_Buiucani_to_CBD_7,7
T00082,17:41:14,17:41:32,Trunk_Buiucani_to_CBD_8,8
T00082,17:42:37,17:42:55,Trunk_Buiucani_to_CBD_9,9
T00082,17:43:59,17:44:17,Trunk_Buiucani_to_CBD_10,10
T00082,17:45:22,17:45:40,Trunk_Buiucani_to_CBD_11,11
T00082,17:46:29,17:46:47,Trunk_Buiucani_to_CBD_12,12
T00082,17:47:52,17:48:10,Trunk_Buiucani_to_CBD_13,13
T00082,17:49:02,17:49:20,Trunk_Buiucani_to_CBD_14,14
T00082,17:50:18,17:50:36,Trunk_Buiucani_to_CBD_15,15
T00083,17:40:00,17:40:18,Trunk_Buiucani_to_CBD_1,1
T00083,17:41:07,17:41:25,Trunk_Buiucani_to_CBD_2,2
T00083,17:42:31,17:42:49,Trunk_Buiucani_to_CBD_3,3
T00083,17:43:54,17:44:12,Trunk_Buiucani_to_CBD_4,4
T00083,17:45:17,17:45:35,Trunk_Buiucani_to_CBD_5,5
T00083,17:46:36,17:46:54,Trunk_Buiucani_to_CBD_6,6
T00083,17:47:51,17:48:09,Trunk_Buiucani_to_CBD_7,7
T00083,17:49:14,17:49:32,Trunk_Buiucani_to_CBD_8,8
T00083,17:50:37,17:50:55,Trunk_Buiucani_to_CBD_9,9
T00083,17:51:59,17:52:17,Trunk_Buiucani_to_CBD_10,10
T00083,17:53:22,17:53:40,Trunk_Buiucani_to_CBD_11,11
T00083,17:54:29,17:54:47,Trunk_Buiucani_to_CBD_12,12
T00083,17:55:52,17:56:10,Trunk_Buiucani_to_CBD_13,13
T00083,17:57:02,17:57:20,Trunk_Buiucani_to_CBD_14,14
T00083,17:58:18,17:58:36,Trunk_Buiucani_to_CBD_15,15
T00084,17:48:00,17:48:18,Trunk_Buiucani_to_CBD_1,1
T00084,17:49:07,17:49:25,Trunk_Buiucani_to_CBD_2,2
T00084,17:50:31,17:50:49,Trunk_Buiucani_to_CBD_3,3
T00084,17:51:54,17:52:12,Trunk_Buiucani_to_CBD_4,4
T00084,17:53:17,17:53:35,Trunk_Buiucani_to_CBD_5,5
T00084,17:54:36,17:54:54,Trunk_Buiucani_to_CBD_6,6
T00084,17:55:51,17:56:09,Trunk_Buiucani_to_CBD_7,7
T00084,17:57:14,17:57:32,Trunk_Buiucani_to_CBD_8,8
T00084,17:58:37,17:58:55,Trunk_Buiucani_to_CBD_9,9
T00084,17:59:59,18:00:17,Trunk_Buiucani_to_CBD_10,10
T00084,18:01:22,18:01:40,Trunk_Buiucani_to_CBD_11,11
T00084,18:02:29,18:02:47,Trunk_Buiucani_to_CBD_12,12
T00084,18:03:52,18:04:10,Trunk_Buiucani_to_CBD_13,13
T00084,18:05:02,18:05:20,Trunk_Buiucani_to_CBD_14,14
T00084,18:06:18,18:06:36,Trunk_Buiucani_to_CBD_15,15
T00085,17:56:00,17:56:18,Trunk_Buiucani_to_CBD_1,1
T00085,17:57:07,17:57:25,Trunk_Buiucani_to_CBD_2,2
T00085,17:58:31,17:58:49,Trunk_Buiucani_to_CBD_3,3
T00085,17:59:54,18:00:12,Trunk_Buiucani_to_CBD_4,4
T00085,18:01:17,18:01:35,Trunk_Buiucani_to_CBD_5,5
T00085,18:02:36,18:02:54,Trunk_Buiucani_to_CBD_6,6
T00085,18:03:51,18:04:09,Trunk_Buiucani_to_CBD_7,7
T00085,18:05:14,18:05:32,Trunk_Buiucani_to_CBD_8,8
T00085,18:06:37,18:06:55,Trunk_Buiucani_to_CBD_9,9
T00085,18:07:59,18:08:17,Trunk_Buiucani_to_CBD_10,10
T00085,18:09:22,18:09:40,Trunk_Buiucani_to_CBD_11,11
T00085,18:10:29,18:10:47,Trunk_Buiucani_to_CBD_12,12
T00085,18:11:52,18:12:10,Trunk_Buiucani_to_CBD_13,13
T00085,18:13:02,18:13:20,Trunk_Buiucani_to_CBD_14,14
T00085,18:14:18,18:14:36,Trunk_Buiucani_to_CBD_15,15
T00086,18:04:00,18:04:18,Trunk_Buiucani_to_CBD_1,1
T00086,18:05:07,18:05:25,Trunk_Buiucani_to_CBD_2,2
T00086,18:06:31,18:06:49,Trunk_Buiucani_to_CBD_3,3
T00086,18:07:54,18:08:12,Trunk_Buiucani_to_CBD_4,4
T00086,18:09:17,18:09:35,Trunk_Buiucani_to_CBD_5,5
T00086,18:10:36,18:10:54,Trunk_Buiucani_to_CBD_6,6
T00086,18:11:51,18:12:09,Trunk_Buiucani_to_CBD_7,7
T00086,18:13:14,18:13:32,Trunk_Buiucani_to_CBD_8,8
T00086,18:14:37,18:14:55,Trunk_Buiucani_to_CBD_9,9
T00086,18:15:59,18:16:17,Trunk_Buiucani_to_CBD_10,10
T00086,18:17:22,18:17:40,Trunk_Buiucani_to_CBD_11,11
T00086,18:18:29,18:18:47,Trunk_Buiucani_to_CBD_12,12
T00086,18:19:52,18:20:10,Trunk_Buiucani_to_CBD_13,13
T00086,18:21:02,18:21:20,Trunk_Buiucani_to_CBD_14,14
T00086,18:22:18,18:22:36,Trunk_Buiucani_to_CBD_15,15
T00087,18:16:00,18:16:18,Trunk_Buiucani_to_CBD_1,1
T00087,18:17:07,18:17:25,Trunk_Buiucani_to_CBD_2,2
T00087,18:18:31,18:18:49,Trunk_Buiucani_to_CBD_3,3
T00087,18:19:54,18:20:12,Trunk_Buiucani_to_CBD_4,4
T00087,18:21:17,18:21:35,Trunk_Buiucani_to_CBD_5,5
T00087,18:22:36,18:22:54,Trunk_Buiucani_to_CBD_6,6
T00087,18:23:51,18:24:09,Trunk_Buiucani_to_CBD_7,7
T00087,18:25:14,18:25:32,Trunk_Buiucani_to_CBD_8,8
T00087,18:26:37,18:26:55,Trunk_Buiucani_to_CBD_9,9
T00087,18:27:59,18:28:17,Trunk_Buiucani_to_CBD_10,10
T00087,18:29:22,18:29:40,Trunk_Buiucani_to_CBD_11,11
T00087,18:30:29,18:30:47,Trunk_Buiucani_to_CBD_12,12
T00087,18:31:52,18:32:10,Trunk_Buiucani_to_CBD_13,13
T00087,18:33:02,18:33:20,Trunk_Buiucani_to_CBD_14,14
T00087,18:34:18,18:34:36,Trunk_Buiucani_to_CBD_15,15
T00088,18:28:00,18:28:18,Trunk_Buiucani_to_CBD_1,1
T00088,18:29:07,18:29:25,Trunk_Buiucani_to_CBD_2,2
T00088,18:30:31,18:30:49,Trunk_Buiucani_to_CBD_3,3
T00088,18:31:54,18:32:12,Trunk_Buiucani_to_CBD_4,4
T00088,18:33:17,18:33:35,Trunk_Buiucani_to_CBD_5,5
T00088,18:34:36,18:34:54,Trunk_Buiucani_to_CBD_6,6
T00088,18:35:51,18:36:09,Trunk_Buiucani_to_CBD_7,7
T00088,18:37:14,18:37:32,Trunk_Buiucani_to_CBD_8,8
T00088,18:38:37,18:38:55,Trunk_Buiucani_to_CBD_9,9
T00088,18:39:59,18:40:17,Trunk_Buiucani_to_CBD_10,10
T00088,18:41:22,18:41:40,Trunk_Buiucani_to_CBD_11,11
T00088,18:42:29,18:42:47,Trunk_Buiucani_to_CBD_12,12
T00088,18:43:52,18:44:10,Trunk_Buiucani_to_CBD_13,13
T00088,18:45:02,18:45:20,Trunk_Buiucani_to_CBD_14,14
T00088,18:46:18,18:46:36,Trunk_Buiucani_to_CBD_15,15
T00089,18:40:00,18:40:18,Trunk_Buiucani_to_CBD_1,1
T00089,18:41:07,18:41:25,Trunk_Buiucani_to_CBD_2,2
T00089,18:42:31,18:42:49,Trunk_Buiucani_to_CBD_3,3
T00089,18:43:54,18:44:12,Trunk_Buiucani_to_CBD_4,4
T00089,18:45:17,18:45:35,Trunk_Buiucani_to_CBD_5,5
T00089,18:46:36,18:46:54,Trunk_Buiucani_to_CBD_6,6
T00089,18:47:51,18:48:09,Trunk_Buiucani_to_CBD_7,7
T00089,18:49:14,18:49:32,Trunk_Buiucani_to_CBD_8,8
T00089,18:50:37,18:50:55,Trunk_Buiucani_to_CBD_9,9
T00089,18:51:59,18:52:17,Trunk_Buiucani_to_CBD_10,10
T00089,18:53:22,18:53:40,Trunk_Buiucani_to_CBD_11,11
T00089,18:54:29,18:54:47,Trunk_Buiucani_to_CBD_12,12
T00089,18:55:52,18:56:10,Trunk_Buiucani_to_CBD_13,13
T00089,18:57:02,18:57:20,Trunk_Buiucani_to_CBD_14,14
T00089,18:58:18,18:58:36,Trunk_Buiucani_to_CBD_15,15
T00090,18:52:00,18:52:18,Trunk_Buiucani_to_CBD_1,1
T00090,18:53:07,18:53:25,Trunk_Buiucani_to_CBD_2,2
T00090,18:54:31,18:54:49,Trunk_Buiucani_to_CBD_3,3
T00090,18:55:54,18:56:12,Trunk_Buiucani_to_CBD_4,4
T00090,18:57:17,18:57:35,Trunk_Buiucani_to_CBD_5,5
T00090,18:58:36,18:58:54,Trunk_Buiucani_to_CBD_6,6
T00090,18:59:51,19:00:09,Trunk_Buiucani_to_CBD_7,7
T00090,19:01:14,19:01:32,Trunk_Buiucani_to_CBD_8,8
T00090,19:02:37,19:02:55,Trunk_Buiucani_to_CBD_9,9
T00090,19:03:59,19:04:17,Trunk_Buiucani_to_CBD_10,10
T00090,19:05:22,19:05:40,Trunk_Buiucani_to_CBD_11,11
T00090,19:06:29,19:06:47,Trunk_Buiucani_to_CBD_12,12
T00090,19:07:52,19:08:10,Trunk_Buiucani_to_CBD_13,13
T00090,19:09:02,19:09:20,Trunk_Buiucani_to_CBD_14,14
T00090,19:10:18,19:10:36,Trunk_Buiucani_to_CBD_15,15
T00091,19:04:00,19:04:18,Trunk_Buiucani_to_CBD_1,1
T00091,19:05:07,19:05:25,Trunk_Buiucani_to_CBD_2,2
T00091,19:06:31,19:06:49,Trunk_Buiucani_to_CBD_3,3
T00091,19:07:54,19:08:12,Trunk_Buiucani_to_CBD_4,4
T00091,19:09:17,19:09:35,Trunk_Buiucani_to_CBD_5,5
T00091,19:10:36,19:10:54,Trunk_Buiucani_to_CBD_6,6
T00091,19:11:51,19:12:09,Trunk_Buiucani_to_CBD_7,7
T00091,19:13:14,19:13:32,Trunk_Buiucani_to_CBD_8,8
T00091,19:14:37,19:14:55,Trunk_Buiucani_to_CBD_9,9
T00091,19:15:59,19:16:17,Trunk_Buiucani_to_CBD_10,10
T00091,19:17:22,19:17:40,Trunk_Buiucani_to_CBD_11,11
T00091,19:18:29,19:18:47,Trunk_Buiucani_to_CBD_12,12
T00091,19:19:52,19:20:10,Trunk_Buiucani_to_CBD_13,13
T00091,19:21:02,19:21:20,Trunk_Buiucani_to_CBD_14,14
T00091,19:22:18,19:22:36,Trunk_Buiucani_to_CBD_15,15
T00092,19:16:00,19:16:18,Trunk_Buiucani_to_CBD_1,1
T00092,19:17:07,19:17:25,Trunk_Buiucani_to_CBD_2,2
T00092,19:18:31,19:18:49,Trunk_Buiucani_to_CBD_3,3
T00092,19:19:54,19:20:12,Trunk_Buiucani_to_CBD_4,4
T00092,19:21:17,19:21:35,Trunk_Buiucani_to_CBD_5,5
T00092,19:22:36,19:22:54,Trunk_Buiucani_to_CBD_6,6
T00092,19:23:51,19:24:09,Trunk_Buiucani_to_CBD_7,7
T00092,19:25:14,19:25:32,Trunk_Buiucani_to_CBD_8,8
T00092,19:26:37,19:26:55,Trunk_Buiucani_to_CBD_9,9
T00092,19:27:59,19:28:17,Trunk_Buiucani_to_CBD_10,10
T00092,19:29:22,19:29:40,Trunk_Buiucani_to_CBD_11,11
T00092,19:30:29,19:30:47,Trunk_Buiucani_to_CBD_12,12
T00092,19:31:52,19:32:10,Trunk_Buiucani_to_CBD_13,13
T00092,19:33:02,19:33:20,Trunk_Buiucani_to_CBD_14,14
T00092,19:34:18,19:34:36,Trunk_Buiucani_to_CBD_15,15
T00093,19:28:00,19:28:18,Trunk_Buiucani_to_CBD_1,1
T00093,19:29:07,19:29:25,Trunk_Buiucani_to_CBD_2,2
T00093,19:30:31,19:30:49,Trunk_Buiucani_to_CBD_3,3
T00093,19:31:54,19:32:12,Trunk_Buiucani_to_CBD_4,4
T00093,19:33:17,19:33:35,Trunk_Buiucani_to_CBD_5,5
T00093,19:34:36,19:34:54,Trunk_Buiucani_to_CBD_6,6
T00093,19:35:51,19:36:09,Trunk_Buiucani_to_CBD_7,7
T00093,19:37:14,19:37:32,Trunk_Buiucani_to_CBD_8,8
T00093,19:38:37,19:38:55,Trunk_Buiucani_to_CBD_9,9
T00093,19:39:59,19:40:17,Trunk_Buiucani_to_CBD_10,10
T00093,19:41:22,19:41:40,Trunk_Buiucani_to_CBD_11,11
T00093,19:42:29,19:42:47,Trunk_Buiucani_to_CBD_12,12
T00093,19:43:52,19:44:10,Trunk_Buiucani_to_CBD_13,13
T00093,19:45:02,19:45:20,Trunk_Buiucani_to_CBD_14,14
T00093,19:46:18,19:46:36,Trunk_Buiucani_to_CBD_15,15
T00094,19:40:00,19:40:18,Trunk_Buiucani_to_CBD_1,1
T00094,19:41:07,19:41:25,Trunk_Buiucani_to_CBD_2,2
T00094,19:42:31,19:42:49,Trunk_Buiucani_to_CBD_3,3
T00094,19:43:54,19:44:12,Trunk_Buiucani_to_CBD_4,4
T00094,19:45:17,19:45:35,Trunk_Buiucani_to_CBD_5,5
T00094,19:46:36,19:46:54,Trunk_Buiucani_to_CBD_6,6
T00094,19:47:51,19:48:09,Trunk_Buiucani_to_CBD_7,7
T00094,19:49:14,19:49:32,Trunk_Buiucani_to_CBD_8,8
T00094,19:50:37,19:50:55,Trunk_Buiucani_to_CBD_9,9
T00094,19:51:59,19:52:17,Trunk_Buiucani_to_CBD_10,10
T00094,19:53:22,19:53:40,Trunk_Buiucani_to_CBD_11,11
T00094,19:54:29,19:54:47,Trunk_Buiucani_to_CBD_12,12
T00094,19:55:52,19:56:10,Trunk_Buiucani_to_CBD_13,13
T00094,19:57:02,19:57:20,Trunk_Buiucani_to_CBD_14,14
T00094,19:58:18,19:58:36,Trunk_Buiucani_to_CBD_15,15
T00095,19:52:00,19:52:18,Trunk_Buiucani_to_CBD_1,1
T00095,19:53:07,19:53:25,Trunk_Buiucani_to_CBD_2,2
T00095,19:54:31,19:54:49,Trunk_Buiucani_to_CBD_3,3
T00095,19:55:54,19:56:12,Trunk_Buiucani_to_CBD_4,4
T00095,19:57:17,19:57:35,Trunk_Buiucani_to_CBD_5,5
T00095,19:58:36,19:58:54,Trunk_Buiucani_to_CBD_6,6
T00095,19:59:51,20:00:09,Trunk_Buiucani_to_CBD_7,7
T00095,20:01:14,20:01:32,Trunk_Buiucani_to_CBD_8,8
T00095,20:02:37,20:02:55,Trunk_Buiucani_to_CBD_9,9
T00095,20:03:59,20:04:17,Trunk_Buiucani_to_CBD_10,10
T00095,20:05:22,20:05:40,Trunk_Buiucani_to_CBD_11,11
T00095,20:06:29,20:06:47,Trunk_Buiucani_to_CBD_12,12
T00095,20:07:52,20:08:10,Trunk_Buiucani_to_CBD_13,13
T00095,20:09:02,20:09:20,Trunk_Buiucani_to_CBD_14,14
T00095,20:10:18,20:10:36,Trunk_Buiucani_to_CBD_15,15
T00096,20:04:00,20:04:18,Trunk_Buiucani_to_CBD_1,1
T00096,20:05:07,20:05:25,Trunk_Buiucani_to_CBD_2,2
T00096,20:06:31,20:06:49,Trunk_Buiucani_to_CBD_3,3
T00096,20:07:54,20:08:12,Trunk_Buiucani_to_CBD_4,4
T00096,20:09:17,20:09:35,Trunk_Buiucani_to_CBD_5,5
T00096,20:10:36,20:10:54,Trunk_Buiucani_to_CBD_6,6
T00096,20:11:51,20:12:09,Trunk_Buiucani_to_CBD_7,7
T00096,20:13:14,20:13:32,Trunk_Buiucani_to_CBD_8,8
T00096,20:14:37,20:14:55,Trunk_Buiucani_to_CBD_9,9
T00096,20:15:59,20:16:17,Trunk_Buiucani_to_CBD_10,10
T00096,20:17:22,20:17:40,Trunk_Buiucani_to_CBD_11,11
T00096,20:18:29,20:18:47,Trunk_Buiucani_to_CBD_12,12
T00096,20:19:52,20:20:10,Trunk_Buiucani_to_CBD_13,13
T00096,20:21:02,20:21:20,Trunk_Buiucani_to_CBD_14,14
T00096,20:22:18,20:22:36,Trunk_Buiucani_to_CBD_15,15
T00097,20:19:00,20:19:18,Trunk_Buiucani_to_CBD_1,1
T00097,20:20:07,20:20:25,Trunk_Buiucani_to_CBD_2,2
T00097,20:21:31,20:21:49,Trunk_Buiucani_to_CBD_3,3
T00097,20:22:54,20:23:12,Trunk_Buiucani_to_CBD_4,4
T00097,20:24:17,20:24:35,Trunk_Buiucani_to_CBD_5,5
T00097,20:25:36,20:25:54,Trunk_Buiucani_to_CBD_6,6
T00097,20:26:51,20:27:09,Trunk_Buiucani_to_CBD_7,7
T00097,20:28:14,20:28:32,Trunk_Buiucani_to_CBD_8,8
T00097,20:29:37,20:29:55,Trunk_Buiucani_to_CBD_9,9
T00097,20:30:59,20:31:17,Trunk_Buiucani_to_CBD_10,10
T00097,20:32:22,20:32:40,Trunk_Buiucani_to_CBD_11,11
T00097,20:33:29,20:33:47,Trunk_Buiucani_to_CBD_12,12
T00097,20:34:52,20:35:10,Trunk_Buiucani_to_CBD_13,13
T00097,20:36:02,20:36:20,Trunk_Buiucani_to_CBD_14,14
T00097,20:37:18,20:37:36,Trunk_Buiucani_to_CBD_15,15
T00098,20:34:00,20:34:18,Trunk_Buiucani_to_CBD_1,1
T00098,20:35:07,20:35:25,Trunk_Buiucani_to_CBD_2,2
T00098,20:36:31,20:36:49,Trunk_Buiucani_to_CBD_3,3
T00098,20:37:54,20:38:12,Trunk_Buiucani_to_CBD_4,4
T00098,20:39:17,20:39:35,Trunk_Buiucani_to_CBD_5,5
T00098,20:40:36,20:40:54,Trunk_Buiucani_to_CBD_6,6
T00098,20:41:51,20:42:09,Trunk_Buiucani_to_CBD_7,7
T00098,20:43:14,20:43:32,Trunk_Buiucani_to_CBD_8,8
T00098,20:44:37,20:44:55,Trunk_Buiucani_to_CBD_9,9
T00098,20:45:59,20:46:17,Trunk_Buiucani_to_CBD_10,10
T00098,20:47:22,20:47:40,Trunk_Buiucani_to_CBD_11,11
T00098,20:48:29,20:48:47,Trunk_Buiucani_to_CBD_12,12
T00098,20:49:52,20:50:10,Trunk_Buiucani_to_CBD_13,13
T00098,20:51:02,20:51:20,Trunk_Buiucani_to_CBD_14,14
T00098,20:52:18,20:52:36,Trunk_Buiucani_to_CBD_15,15
T00099,20:49:00,20:49:18,Trunk_Buiucani_to_CBD_1,1
T00099,20:50:07,20:50:25,Trunk_Buiucani_to_CBD_2,2
T00099,20:51:31,20:51:49,Trunk_Buiucani_to_CBD_3,3
T00099,20:52:54,20:53:12,Trunk_Buiucani_to_CBD_4,4
T00099,20:54:17,20:54:35,Trunk_Buiucani_to_CBD_5,5
T00099,20:55:36,20:55:54,Trunk_Buiucani_to_CBD_6,6
T00099,20:56:51,20:57:09,Trunk_Buiucani_to_CBD_7,7
T00099,20:58:14,20:58:32,Trunk_Buiucani_to_CBD_8,8
T00099,20:59:37,20:59:55,Trunk_Buiucani_to_CBD_9,9
T00099,21:00:59,21:01:17,Trunk_Buiucani_to_CBD_10,10
T00099,21:02:22,21:02:40,Trunk_Buiucani_to_CBD_11,11
T00099,21:03:29,21:03:47,Trunk_Buiucani_to_CBD_12,12
T00099,21:04:52,21:05:10,Trunk_Buiucani_to_CBD_13,13
T00099,21:06:02,21:06:20,Trunk_Buiucani_to_CBD_14,14
T00099,21:07:18,21:07:36,Trunk_Buiucani_to_CBD_15,15
T00100,21:04:00,21:04:18,Trunk_Buiucani_to_CBD_1,1
T00100,21:05:07,21:05:25,Trunk_Buiucani_to_CBD_2,2
T00100,21:06:31,21:06:49,Trunk_Buiucani_to_CBD_3,3
T00100,21:07:54,21:08:12,Trunk_Buiucani_to_CBD_4,4
T00100,21:09:17,21:09:35,Trunk_Buiucani_to_CBD_5,5
T00100,21:10:36,21:10:54,Trunk_Buiucani_to_CBD_6,6
T00100,21:11:51,21:12:09,Trunk_Buiucani_to_CBD_7,7
T00100,21:13:14,21:13:32,Trunk_Buiucani_to_CBD_8,8
T00100,21:14:37,21:14:55,Trunk_Buiucani_to_CBD_9,9
T00100,21:15:59,21:16:17,Trunk_Buiucani_to_CBD_10,10
T00100,21:17:22,21:17:40,Trunk_Buiucani_to_CBD_11,11
T00100,21:18:29,21:18:47,Trunk_Buiucani_to_CBD_12,12
T00100,21:19:52,21:20:10,Trunk_Buiucani_to_CBD_13,13
T00100,21:21:02,21:21:20,Trunk_Buiucani_to_CBD_14,14
T00100,21:22:18,21:22:36,Trunk_Buiucani_to_CBD_15,15
T00101,21:19:00,21:19:18,Trunk_Buiucani_to_CBD_1,1
T00101,21:20:07,21:20:25,Trunk_Buiucani_to_CBD_2,2
T00101,21:21:31,21:21:49,Trunk_Buiucani_to_CBD_3,3
T00101,21:22:54,21:23:12,Trunk_Buiucani_to_CBD_4,4
T00101,21:24:17,21:24:35,Trunk_Buiucani_to_CBD_5,5
T00101,21:25:36,21:25:54,Trunk_Buiucani_to_CBD_6,6
T00101,21:26:51,21:27:09,Trunk_Buiucani_to_CBD_7,7
T00101,21:28:14,21:28:32,Trunk_Buiucani_to_CBD_8,8
T00101,21:29:37,21:29:55,Trunk_Buiucani_to_CBD_9,9
T00101,21:30:59,21:31:17,Trunk_Buiucani_to_CBD_10,10
T00101,21:32:22,21:32:40,Trunk_Buiucani_to_CBD_11,11
T00101,21:33:29,21:33:47,Trunk_Buiucani_to_CBD_12,12
T00101,21:34:52,21:35:10,Trunk_Buiucani_to_CBD_13,13
T00101,21:36:02,21:36:20,Trunk_Buiucani_to_CBD_14,14
T00101,21:37:18,21:37:36,Trunk_Buiucani_to_CBD_15,15
T00102,21:34:00,21:34:18,Trunk_Buiucani_to_CBD_1,1
T00102,21:35:07,21:35:25,Trunk_Buiucani_to_CBD_2,2
T00102,21:36:31,21:36:49,Trunk_Buiucani_to_CBD_3,3
T00102,21:37:54,21:38:12,Trunk_Buiucani_to_CBD_4,4
T00102,21:39:17,21:39:35,Trunk_Buiucani_to_CBD_5,5
T00102,21:40:36,21:40:54,Trunk_Buiucani_to_CBD_6,6
T00102,21:41:51,21:42:09,Trunk_Buiucani_to_CBD_7,7
T00102,21:43:14,21:43:32,Trunk_Buiucani_to_CBD_8,8
T00102,21:44:37,21:44:55,Trunk_Buiucani_to_CBD_9,9
T00102,21:45:59,21:46:17,Trunk_Buiucani_to_CBD_10,10
T00102,21:47:22,21:47:40,Trunk_Buiucani_to_CBD_11,11
T00102,21:48:29,21:48:47,Trunk_Buiucani_to_CBD_12,12
T00102,21:49:52,21:50:10,Trunk_Buiucani_to_CBD_13,13
T00102,21:51:02,21:51:20,Trunk_Buiucani_to_CBD_14,14
T00102,21:52:18,21:52:36,Trunk_Buiucani_to_CBD_15,15
T00103,21:49:00,21:49:18,Trunk_Buiucani_to_CBD_1,1
T00103,21:50:07,21:50:25,Trunk_Buiucani_to_CBD_2,2
T00103,21:51:31,21:51:49,Trunk_Buiucani_to_CBD_3,3
T00103,21:52:54,21:53:12,Trunk_Buiucani_to_CBD_4,4
T00103,21:54:17,21:54:35,Trunk_Buiucani_to_CBD_5,5
T00103,21:55:36,21:55:54,Trunk_Buiucani_to_CBD_6,6
T00103,21:56:51,21:57:09,Trunk_Buiucani_to_CBD_7,7
T00103,21:58:14,21:58:32,Trunk_Buiucani_to_CBD_8,8
T00103,21:59:37,21:59:55,Trunk_Buiucani_to_CBD_9,9
T00103,22:00:59,22:01:17,Trunk_Buiucani_to_CBD_10,10
T00103,22:02:22,22:02:40,Trunk_Buiucani_to_CBD_11,11
T00103,22:03:29,22:03:47,Trunk_Buiucani_to_CBD_12,12
T00103,22:04:52,22:05:10,Trunk_Buiucani_to_CBD_13,13
T00103,22:06:02,22:06:20,Trunk_Buiucani_to_CBD_14,14
T00103,22:07:18,22:07:36,Trunk_Buiucani_to_CBD_15,15
T00104,22:04:00,22:04:18,Trunk_Buiucani_to_CBD_1,1
T00104,22:05:07,22:05:25,Trunk_Buiucani_to_CBD_2,2
T00104,22:06:31,22:06:49,Trunk_Buiucani_to_CBD_3,3
T00104,22:07:54,22:08:12,Trunk_Buiucani_to_CBD_4,4
T00104,22:09:17,22:09:35,Trunk_Buiucani_to_CBD_5,5
T00104,22:10:36,22:10:54,Trunk_Buiucani_to_CBD_6,6
T00104,22:11:51,22:12:09,Trunk_Buiucani_to_CBD_7,7
T00104,22:13:14,22:13:32,Trunk_Buiucani_to_CBD_8,8
T00104,22:14:37,22:14:55,Trunk_Buiucani_to_CBD_9,9
T00104,22:15:59,22:16:17,Trunk_Buiucani_to_CBD_10,10
T00104,22:17:22,22:17:40,Trunk_Buiucani_to_CBD_11,11
T00104,22:18:29,22:18:47,Trunk_Buiucani_to_CBD_12,12
T00104,22:19:52,22:20:10,Trunk_Buiucani_to_CBD_13,13
T00104,22:21:02,22:21:20,Trunk_Buiucani_to_CBD_14,14
T00104,22:22:18,22:22:36,Trunk_Buiucani_to_CBD_15,15
T00105,22:19:00,22:19:18,Trunk_Buiucani_to_CBD_1,1
T00105,22:20:07,22:20:25,Trunk_Buiucani_to_CBD_2,2
T00105,22:21:31,22:21:49,Trunk_Buiucani_to_CBD_3,3
T00105,22:22:54,22:23:12,Trunk_Buiucani_to_CBD_4,4
T00105,22:24:17,22:24:35,Trunk_Buiucani_to_CBD_5,5
T00105,22:25:36,22:25:54,Trunk_Buiucani_to_CBD_6,6
T00105,22:26:51,22:27:09,Trunk_Buiucani_to_CBD_7,7
T00105,22:28:14,22:28:32,Trunk_Buiucani_to_CBD_8,8
T00105,22:29:37,22:29:55,Trunk_Buiucani_to_CBD_9,9
T00105,22:30:59,22:31:17,Trunk_Buiucani_to_CBD_10,10
T00105,22:32:22,22:32:40,Trunk_Buiucani_to_CBD_11,11
T00105,22:33:29,22:33:47,Trunk_Buiucani_to_CBD_12,12
T00105,22:34:52,22:35:10,Trunk_Buiucani_to_CBD_13,13
T00105,22:36:02,22:36:20,Trunk_Buiucani_to_CBD_14,14
T00105,22:37:18,22:37:36,Trunk_Buiucani_to_CBD_15,15
